appt_id,client_id,adviser_id,appt_date,appt_type,attended
Apt000001,C00543,A076,09/06/2025,Review,Y
Apt000002,C00152,A039,2025-08-01,Review,Y
Apt000003,C00267,A060,15/11/2025,Onboarding,N
Apt000004,C00563,A060,2025-10-08,Onboarding,Y
Apt000005,C00048,A056,31/10/2025,Onboarding,Y
Apt000006,C00334,A018,2025-01-12,Advice,Y
Apt000007,C00136,A048,2025-08-04,Onboarding,Y
Apt000008,C00519,A021,20/03/2025,Review,Y
Apt000009,C00483,A056,01/05/2025,Review,Y
Apt000010,C00119,A012,10/03/2025,Onboarding,Y
Apt000011,C00288,A006,2025-08-24,Review,Y
Apt000012,C00342,A031,2025-03-15,Onboarding,Y
Apt000013,C00278,A071,23/04/2025,Onboarding,Y
Apt000014,C00494,A061,2025-12-01,Advice,N
Apt000015,C00164,A068,31/08/2025,Review,Y
Apt000016,C00285,A057,02/03/2025,Review,Y
Apt000017,C00223,A061,2025-08-19,Review,Y
Apt000018,C00598,A017,2025-11-16,Advice,Y
Apt000019,C00377,A029,2025-09-15,Advice,Y
Apt000020,C00053,A067,2025-10-24,Review,N
Apt000021,C00328,A059,2025-01-14,Review,Y
Apt000022,C00341,A003,2025-03-19,Review,N
Apt000023,C00527,A027,29/03/2025,Review,Y
Apt000024,C00118,A001,27/04/2025,Onboarding,Y
Apt000025,C00182,A079,2025-08-30,Review,Y
Apt000026,C00580,A078,14/12/2025,Review,Y
Apt000027,C00490,A004,2025-10-21,Review,Y
Apt000028,C00506,A004,29/01/2025,Review,Y
Apt000029,C00325,A075,19/01/2025,Review,Y
Apt000030,C00194,A033,2025-12-29,Onboarding,Y
Apt000031,C00178,A011,08/08/2025,Review,Y
Apt000032,C00559,A076,2025-06-11,Review,Y
Apt000033,C00009,A079,2025-05-20,Review,Y
Apt000034,C00412,A057,05/10/2025,Review,N
Apt000035,C00524,A026,2025-11-18,Onboarding,Y
Apt000036,C00013,A026,23/11/2025,Review,N
Apt000037,C00277,A054,2025-08-18,Review,N
Apt000038,C00439,A027,2025-01-29,Review,N
Apt000039,C00038,A054,10/12/2025,Advice,Y
Apt000040,C00435,A002,10/10/2025,Review,Y
Apt000041,C00244,A009,2025-05-24,Review,Y
Apt000042,C00549,A072,27/08/2025,Review,N
Apt000043,C00173,A064,2025-08-17,Onboarding,Y
Apt000044,C00251,A065,25/10/2025,Onboarding,Y
Apt000045,C00342,A021,15/06/2025,Review,Y
Apt000046,C00014,A026,27/12/2025,Review,Y
Apt000047,C00274,A015,2025-05-13,Review,Y
Apt000048,C00353,A043,2025-02-06,Advice,Y
Apt000049,C00135,A039,2025-11-18,Review,N
Apt000050,C00442,A016,2025-08-16,Onboarding,Y
Apt000051,C00379,A035,04/08/2025,Advice,Y
Apt000052,C00567,A023,2025-09-12,Review,Y
Apt000053,C00127,A012,10/06/2025,Review,Y
Apt000054,C00301,A056,10/06/2025,Review,Y
Apt000055,C00159,A052,2025-04-14,Advice,N
Apt000056,C00535,A019,2025-10-31,Review,Y
Apt000057,C00200,A062,26/09/2025,Review,Y
Apt000058,C00065,A008,09/02/2025,Review,Y
Apt000059,C00079,A011,06/10/2025,Review,Y
Apt000060,C00092,A043,04/10/2025,Advice,Y
Apt000061,C00140,A069,2025-11-16,Onboarding,Y
Apt000062,C00001,A037,2025-12-17,Review,Y
Apt000063,C00267,A025,21/01/2025,Advice,Y
Apt000064,C00051,A024,20/08/2025,Onboarding,Y
Apt000065,C00229,A034,18/04/2025,Advice,Y
Apt000066,C00369,A012,25/08/2025,Onboarding,Y
Apt000067,C00450,A042,2025-09-21,Onboarding,Y
Apt000068,C00557,A079,03/02/2025,Onboarding,Y
Apt000069,C00099,A012,30/06/2025,Review,Y
Apt000070,C00493,A029,2025-10-26,Review,Y
Apt000071,C00072,A020,2025-02-03,Review,Y
Apt000072,C00597,A079,2025-06-14,Review,Y
Apt000073,C00181,A003,10/09/2025,Onboarding,Y
Apt000074,C00156,A080,05/11/2025,Advice,N
Apt000075,C00577,A061,30/01/2025,Onboarding,N
Apt000076,C00392,A071,2025-10-13,Advice,N
Apt000077,C00360,A022,25/10/2025,Review,Y
Apt000078,C00342,A079,2025-06-04,Onboarding,Y
Apt000079,C00020,A073,2025-07-09,Advice,Y
Apt000080,C00333,A017,2025-09-19,Onboarding,N
Apt000081,C00192,A002,08/11/2025,Onboarding,Y
Apt000082,C00346,A007,2025-12-31,Advice,Y
Apt000083,C00295,A014,18/11/2025,Advice,Y
Apt000084,C00135,A004,19/07/2025,Onboarding,Y
Apt000085,C00203,A045,2025-03-27,Review,Y
Apt000086,C00088,A063,27/07/2025,Onboarding,Y
Apt000087,C00345,A010,09/10/2025,Review,N
Apt000088,C00563,A045,18/04/2025,Review,Y
Apt000089,C00250,A044,2025-09-16,Review,N
Apt000090,C00319,A055,2025-05-15,Review,Y
Apt000091,C00497,A018,2025-10-09,Onboarding,Y
Apt000092,C00289,A011,20/09/2025,Onboarding,Y
Apt000093,C00301,A054,15/08/2025,Advice,Y
Apt000094,C00006,A001,30/07/2025,Onboarding,Y
Apt000095,C00549,A053,2025-04-16,Onboarding,Y
Apt000096,C00258,A080,26/09/2025,Onboarding,N
Apt000097,C00222,A078,12/01/2025,Onboarding,Y
Apt000098,C00313,A033,2025-03-21,Review,Y
Apt000099,C00348,A007,09/01/2025,Advice,Y
Apt000100,C00091,A025,2025-12-17,Onboarding,Y
Apt000101,C00171,A069,2025-09-03,Review,Y
Apt000102,C00294,A049,2025-07-24,Onboarding,Y
Apt000103,C00192,A074,10/02/2025,Review,Y
Apt000104,C00549,A004,19/03/2025,Review,Y
Apt000105,C00100,A024,02/05/2025,Review,N
Apt000106,C00031,A046,2025-10-31,Onboarding,Y
Apt000107,C00504,A070,24/07/2025,Onboarding,N
Apt000108,C00098,A012,15/12/2025,Review,Y
Apt000109,C00052,A062,2025-02-25,Review,N
Apt000110,C00475,A076,03/04/2025,Onboarding,N
Apt000111,C00343,A062,28/02/2025,Advice,Y
Apt000112,C00350,A062,20/11/2025,Review,Y
Apt000113,C00519,A076,08/12/2025,Review,N
Apt000114,C00018,A058,2025-11-05,Onboarding,Y
Apt000115,C00230,A038,2025-01-15,Review,Y
Apt000116,C00556,A068,20/11/2025,Review,Y
Apt000117,C00481,A017,2025-06-20,Onboarding,Y
Apt000118,C00575,A010,15/02/2025,Onboarding,N
Apt000119,C00160,A043,08/10/2025,Onboarding,Y
Apt000120,C00412,A033,07/10/2025,Advice,Y
Apt000121,C00388,A037,2025-02-21,Review,Y
Apt000122,C00002,A028,2025-03-21,Review,Y
Apt000123,C00151,A046,18/10/2025,Advice,N
Apt000124,C00535,A002,2025-11-28,Review,Y
Apt000125,C00347,A046,04/10/2025,Onboarding,N
Apt000126,C00418,A038,2025-09-25,Advice,Y
Apt000127,C00168,A038,26/11/2025,Onboarding,Y
Apt000128,C00010,A021,18/07/2025,Onboarding,Y
Apt000129,C00338,A023,2025-12-02,Review,Y
Apt000130,C00111,A033,20/02/2025,Review,Y
Apt000131,C00180,A043,2025-09-19,Onboarding,Y
Apt000132,C00411,A068,2025-03-10,Onboarding,Y
Apt000133,C00181,A070,14/01/2025,Review,Y
Apt000134,C00367,A064,2025-11-29,Review,Y
Apt000135,C00525,A064,2025-09-08,Review,Y
Apt000136,C00174,A037,04/01/2025,Review,N
Apt000137,C00086,A079,2025-07-25,Onboarding,Y
Apt000138,C00548,A023,2025-07-18,Review,Y
Apt000139,C00063,A073,02/11/2025,Review,Y
Apt000140,C00580,A034,19/01/2025,Review,N
Apt000141,C00431,A034,2025-03-02,Review,Y
Apt000142,C00374,A027,25/01/2025,Advice,Y
Apt000143,C00264,A080,2025-08-21,Onboarding,Y
Apt000144,C00169,A004,28/10/2025,Review,Y
Apt000145,C00317,A076,09/03/2025,Onboarding,Y
Apt000146,C00404,A069,2025-04-23,Review,Y
Apt000147,C00213,A063,04/09/2025,Onboarding,Y
Apt000148,C00568,A078,17/03/2025,Review,Y
Apt000149,C00361,A014,2025-10-29,Review,Y
Apt000150,C00123,A066,12/10/2025,Review,Y
Apt000151,C00022,A028,2025-03-15,Review,Y
Apt000152,C00218,A021,2025-07-18,Review,Y
Apt000153,C00553,A079,2025-10-11,Review,Y
Apt000154,C00394,A010,07/11/2025,Review,N
Apt000155,C00557,A026,2025-04-29,Onboarding,Y
Apt000156,C00261,A035,2025-04-25,Review,N
Apt000157,C00524,A034,2025-05-21,Review,Y
Apt000158,C00233,A002,2025-12-28,Review,Y
Apt000159,C00288,A043,19/09/2025,Advice,Y
Apt000160,C00498,A044,06/12/2025,Review,Y
Apt000161,C00376,A044,2025-08-12,Review,Y
Apt000162,C00087,A043,2025-12-05,Review,N
Apt000163,C00170,A052,05/06/2025,Onboarding,N
Apt000164,C00229,A005,08/11/2025,Review,N
Apt000165,C00594,A019,2025-08-21,Advice,Y
Apt000166,C00211,A030,24/01/2025,Review,Y
Apt000167,C00493,A049,2025-05-05,Review,Y
Apt000168,C00540,A063,11/06/2025,Review,N
Apt000169,C00022,A029,23/01/2025,Review,Y
Apt000170,C00302,A076,04/08/2025,Review,Y
Apt000171,C00032,A072,2025-09-09,Review,N
Apt000172,C00311,A079,17/06/2025,Review,Y
Apt000173,C00345,A053,2025-08-24,Review,N
Apt000174,C00137,A028,19/09/2025,Review,Y
Apt000175,C00484,A053,2025-11-11,Advice,Y
Apt000176,C00512,A017,31/07/2025,Advice,Y
Apt000177,C00577,A024,23/09/2025,Advice,Y
Apt000178,C00591,A076,26/04/2025,Onboarding,Y
Apt000179,C00428,A065,08/04/2025,Onboarding,Y
Apt000180,C00316,A036,23/06/2025,Review,Y
Apt000181,C00063,A032,01/07/2025,Advice,Y
Apt000182,C00588,A069,2025-12-20,Review,N
Apt000183,C00282,A026,2025-08-17,Review,Y
Apt000184,C00035,A056,2025-01-07,Advice,Y
Apt000185,C00590,A067,07/09/2025,Onboarding,N
Apt000186,C00375,A033,15/08/2025,Review,N
Apt000187,C00263,A039,2025-05-01,Review,Y
Apt000188,C00053,A058,2025-02-21,Review,N
Apt000189,C00516,A012,2025-03-29,Review,Y
Apt000190,C00514,A043,03/12/2025,Advice,Y
Apt000191,C00291,A072,22/04/2025,Advice,N
Apt000192,C00485,A013,21/02/2025,Review,N
Apt000193,C00434,A073,2025-06-15,Review,Y
Apt000194,C00115,A005,2025-06-18,Onboarding,Y
Apt000195,C00115,A045,24/06/2025,Review,Y
Apt000196,C00124,A005,2025-11-20,Review,N
Apt000197,C00295,A023,2025-01-22,Advice,N
Apt000198,C00561,A035,15/12/2025,Review,Y
Apt000199,C00387,A054,2025-06-12,Advice,N
Apt000200,C00273,A049,2025-08-14,Review,Y
Apt000201,C00382,A070,13/12/2025,Review,Y
Apt000202,C00222,A078,2025-01-17,Advice,Y
Apt000203,C00142,A037,03/07/2025,Review,Y
Apt000204,C00221,A022,2025-03-07,Onboarding,N
Apt000205,C00199,A008,2025-11-26,Review,Y
Apt000206,C00083,A057,2025-02-17,Advice,Y
Apt000207,C00213,A071,26/09/2025,Onboarding,Y
Apt000208,C00503,A060,2025-09-02,Review,Y
Apt000209,C00307,A055,2025-11-13,Review,Y
Apt000210,C00378,A034,2025-11-05,Review,Y
Apt000211,C00273,A041,2025-12-12,Review,Y
Apt000212,C00061,A028,2025-04-24,Advice,Y
Apt000213,C00347,A031,2025-09-22,Onboarding,Y
Apt000214,C00031,A021,2025-05-21,Onboarding,Y
Apt000215,C00527,A074,30/12/2025,Advice,Y
Apt000216,C00360,A051,24/05/2025,Review,Y
Apt000217,C00552,A036,2025-05-15,Review,Y
Apt000218,C00321,A077,2025-01-23,Onboarding,Y
Apt000219,C00276,A026,09/06/2025,Review,Y
Apt000220,C00418,A019,2025-07-08,Review,Y
Apt000221,C00240,A006,18/09/2025,Review,N
Apt000222,C00150,A048,03/10/2025,Onboarding,Y
Apt000223,C00062,A015,18/04/2025,Review,Y
Apt000224,C00429,A049,2025-02-23,Review,Y
Apt000225,C00251,A018,09/02/2025,Review,Y
Apt000226,C00011,A065,09/06/2025,Review,Y
Apt000227,C00417,A022,02/02/2025,Review,Y
Apt000228,C00550,A060,2025-06-07,Advice,Y
Apt000229,C00577,A036,2025-09-05,Review,Y
Apt000230,C00191,A010,27/01/2025,Review,Y
Apt000231,C00550,A020,30/11/2025,Review,Y
Apt000232,C00457,A070,2025-12-26,Advice,Y
Apt000233,C00269,A061,22/02/2025,Review,Y
Apt000234,C00501,A059,2025-03-20,Review,N
Apt000235,C00244,A022,2025-04-27,Review,Y
Apt000236,C00280,A068,28/11/2025,Review,N
Apt000237,C00148,A004,15/06/2025,Onboarding,Y
Apt000238,C00555,A029,2025-01-26,Review,N
Apt000239,C00109,A058,12/04/2025,Onboarding,Y
Apt000240,C00441,A058,2025-07-25,Review,N
Apt000241,C00449,A054,2025-10-02,Review,Y
Apt000242,C00099,A028,2025-08-16,Review,Y
Apt000243,C00555,A077,28/02/2025,Review,Y
Apt000244,C00104,A039,2025-06-16,Review,Y
Apt000245,C00193,A057,18/11/2025,Review,Y
Apt000246,C00046,A064,21/07/2025,Advice,N
Apt000247,C00574,A030,2025-10-01,Review,Y
Apt000248,C00198,A050,2025-11-05,Review,Y
Apt000249,C00105,A054,2025-02-08,Review,Y
Apt000250,C00029,A023,2025-01-20,Review,N
Apt000251,C00169,A018,2025-10-26,Advice,Y
Apt000252,C00527,A054,2025-11-24,Advice,Y
Apt000253,C00531,A028,2025-08-13,Review,N
Apt000254,C00457,A008,2025-08-19,Review,N
Apt000255,C00489,A032,2025-11-13,Review,Y
Apt000256,C00443,A006,2025-08-17,Onboarding,N
Apt000257,C00337,A072,03/10/2025,Advice,N
Apt000258,C00399,A040,28/01/2025,Review,Y
Apt000259,C00186,A051,2025-03-14,Review,Y
Apt000260,C00565,A047,2025-04-29,Review,Y
Apt000261,C00298,A070,2025-11-24,Advice,Y
Apt000262,C00531,A068,04/06/2025,Review,N
Apt000263,C00455,A007,18/11/2025,Onboarding,Y
Apt000264,C00473,A027,2025-05-17,Review,Y
Apt000265,C00077,A066,02/07/2025,Onboarding,Y
Apt000266,C00245,A054,2025-08-07,Onboarding,Y
Apt000267,C00424,A014,20/09/2025,Onboarding,Y
Apt000268,C00136,A022,2025-05-30,Onboarding,N
Apt000269,C00137,A069,2025-05-15,Review,Y
Apt000270,C00205,A056,2025-07-30,Onboarding,Y
Apt000271,C00556,A060,31/08/2025,Review,Y
Apt000272,C00060,A051,22/10/2025,Review,N
Apt000273,C00249,A016,31/05/2025,Review,Y
Apt000274,C00415,A006,2025-01-13,Onboarding,Y
Apt000275,C00397,A001,2025-04-29,Onboarding,Y
Apt000276,C00045,A012,05/08/2025,Review,Y
Apt000277,C00002,A024,2025-08-07,Review,N
Apt000278,C00162,A075,2025-06-02,Onboarding,N
Apt000279,C00197,A043,12/01/2025,Onboarding,Y
Apt000280,C00559,A034,03/02/2025,Advice,Y
Apt000281,C00226,A057,2025-08-10,Review,Y
Apt000282,C00002,A021,22/04/2025,Review,Y
Apt000283,C00212,A040,10/03/2025,Advice,Y
Apt000284,C00293,A033,2025-11-10,Onboarding,Y
Apt000285,C00080,A033,2025-06-13,Review,Y
Apt000286,C00119,A028,03/09/2025,Review,N
Apt000287,C00598,A065,22/04/2025,Advice,Y
Apt000288,C00568,A076,13/09/2025,Onboarding,N
Apt000289,C00575,A046,17/09/2025,Review,N
Apt000290,C00008,A033,2025-12-05,Review,N
Apt000291,C00235,A069,17/04/2025,Review,Y
Apt000292,C00427,A066,02/03/2025,Review,Y
Apt000293,C00279,A036,2025-07-01,Review,Y
Apt000294,C00360,A054,26/10/2025,Onboarding,Y
Apt000295,C00180,A050,2025-09-13,Review,Y
Apt000296,C00212,A051,2025-07-07,Review,Y
Apt000297,C00549,A052,20/08/2025,Review,Y
Apt000298,C00218,A021,2025-12-28,Onboarding,Y
Apt000299,C00451,A030,2025-03-24,Review,N
Apt000300,C00146,A015,04/11/2025,Onboarding,Y
Apt000301,C00059,A009,27/12/2025,Onboarding,Y
Apt000302,C00403,A032,2025-12-09,Advice,Y
Apt000303,C00491,A072,2025-03-17,Review,Y
Apt000304,C00033,A023,2025-12-06,Review,Y
Apt000305,C00534,A027,13/08/2025,Advice,Y
Apt000306,C00411,A042,30/04/2025,Review,N
Apt000307,C00434,A008,23/02/2025,Review,N
Apt000308,C00371,A011,18/09/2025,Review,Y
Apt000309,C00584,A021,21/07/2025,Review,Y
Apt000310,C00181,A044,2025-10-14,Review,Y
Apt000311,C00050,A039,2025-04-17,Review,Y
Apt000312,C00322,A033,2025-12-30,Review,Y
Apt000313,C00499,A067,2025-01-20,Review,N
Apt000314,C00083,A055,11/03/2025,Review,Y
Apt000315,C00536,A013,17/10/2025,Review,Y
Apt000316,C00069,A036,15/02/2025,Onboarding,Y
Apt000317,C00008,A026,2025-06-19,Review,Y
Apt000318,C00099,A074,14/10/2025,Advice,N
Apt000319,C00208,A038,08/07/2025,Review,N
Apt000320,C00192,A023,28/12/2025,Advice,Y
Apt000321,C00372,A008,2025-12-05,Review,Y
Apt000322,C00026,A014,2025-06-05,Advice,Y
Apt000323,C00507,A024,25/11/2025,Review,Y
Apt000324,C00148,A040,2025-03-25,Review,Y
Apt000325,C00378,A025,27/04/2025,Review,Y
Apt000326,C00516,A025,27/04/2025,Advice,Y
Apt000327,C00065,A017,31/03/2025,Review,Y
Apt000328,C00597,A004,03/06/2025,Review,Y
Apt000329,C00279,A041,2025-02-16,Review,Y
Apt000330,C00366,A060,12/07/2025,Review,Y
Apt000331,C00499,A043,10/07/2025,Review,Y
Apt000332,C00169,A054,05/02/2025,Onboarding,Y
Apt000333,C00462,A052,2025-10-09,Review,Y
Apt000334,C00420,A021,27/06/2025,Review,Y
Apt000335,C00538,A024,17/11/2025,Onboarding,N
Apt000336,C00040,A037,11/05/2025,Onboarding,Y
Apt000337,C00508,A044,2025-10-03,Review,N
Apt000338,C00363,A005,07/05/2025,Review,Y
Apt000339,C00487,A061,26/10/2025,Advice,Y
Apt000340,C00084,A044,10/08/2025,Onboarding,Y
Apt000341,C00238,A006,2025-07-19,Onboarding,Y
Apt000342,C00344,A078,13/01/2025,Review,Y
Apt000343,C00458,A003,2025-08-27,Review,N
Apt000344,C00509,A065,2025-04-17,Review,N
Apt000345,C00338,A031,2025-06-03,Review,Y
Apt000346,C00182,A055,2025-05-30,Review,Y
Apt000347,C00007,A045,2025-07-16,Onboarding,Y
Apt000348,C00408,A074,2025-08-30,Advice,Y
Apt000349,C00299,A055,30/12/2025,Review,Y
Apt000350,C00262,A060,11/05/2025,Review,Y
Apt000351,C00399,A031,2025-07-19,Review,Y
Apt000352,C00591,A039,01/04/2025,Onboarding,Y
Apt000353,C00552,A048,2025-03-04,Review,N
Apt000354,C00475,A080,26/06/2025,Review,Y
Apt000355,C00189,A027,2025-11-20,Advice,Y
Apt000356,C00277,A016,2025-10-21,Advice,Y
Apt000357,C00510,A052,02/07/2025,Onboarding,Y
Apt000358,C00096,A004,06/10/2025,Review,N
Apt000359,C00032,A042,2025-05-26,Advice,Y
Apt000360,C00268,A054,2025-11-29,Review,N
Apt000361,C00393,A009,12/02/2025,Review,Y
Apt000362,C00532,A025,18/11/2025,Review,Y
Apt000363,C00399,A058,07/09/2025,Onboarding,N
Apt000364,C00238,A018,2025-05-18,Review,Y
Apt000365,C00533,A044,2025-11-09,Review,Y
Apt000366,C00350,A074,28/02/2025,Review,Y
Apt000367,C00351,A049,2025-08-06,Review,N
Apt000368,C00011,A044,2025-02-02,Review,Y
Apt000369,C00064,A075,2025-08-15,Onboarding,N
Apt000370,C00122,A078,2025-01-02,Onboarding,N
Apt000371,C00187,A038,2025-06-22,Review,N
Apt000372,C00392,A065,2025-01-07,Review,N
Apt000373,C00200,A010,2025-03-24,Onboarding,Y
Apt000374,C00055,A063,2025-03-26,Advice,Y
Apt000375,C00382,A046,2025-02-09,Review,Y
Apt000376,C00295,A002,2025-09-20,Review,Y
Apt000377,C00055,A020,07/12/2025,Review,N
Apt000378,C00427,A003,2025-02-18,Onboarding,N
Apt000379,C00080,A036,27/07/2025,Review,Y
Apt000380,C00489,A005,2025-10-17,Onboarding,Y
Apt000381,C00272,A020,10/10/2025,Review,Y
Apt000382,C00261,A003,2025-02-06,Onboarding,Y
Apt000383,C00251,A003,2025-11-27,Advice,Y
Apt000384,C00296,A070,27/05/2025,Review,Y
Apt000385,C00173,A047,20/02/2025,Review,N
Apt000386,C00253,A037,2025-04-27,Onboarding,Y
Apt000387,C00536,A008,03/06/2025,Review,Y
Apt000388,C00489,A080,21/05/2025,Review,Y
Apt000389,C00126,A001,2025-12-08,Advice,Y
Apt000390,C00439,A078,03/09/2025,Review,Y
Apt000391,C00289,A045,2025-07-17,Review,Y
Apt000392,C00179,A074,2025-12-24,Onboarding,N
Apt000393,C00080,A010,2025-01-30,Review,Y
Apt000394,C00097,A068,28/12/2025,Review,Y
Apt000395,C00030,A043,30/10/2025,Review,Y
Apt000396,C00573,A041,2025-05-11,Review,Y
Apt000397,C00444,A012,15/10/2025,Advice,Y
Apt000398,C00263,A008,15/04/2025,Review,Y
Apt000399,C00390,A045,22/12/2025,Advice,Y
Apt000400,C00066,A001,07/09/2025,Advice,Y
Apt000401,C00531,A026,2025-08-19,Review,Y
Apt000402,C00270,A031,2025-05-28,Review,Y
Apt000403,C00049,A056,2025-01-14,Review,N
Apt000404,C00034,A037,2025-03-07,Review,Y
Apt000405,C00240,A075,30/10/2025,Onboarding,Y
Apt000406,C00596,A004,06/03/2025,Onboarding,Y
Apt000407,C00314,A072,2025-10-02,Advice,Y
Apt000408,C00149,A044,2025-07-27,Advice,Y
Apt000409,C00455,A049,2025-05-28,Review,Y
Apt000410,C00157,A040,2025-12-07,Advice,Y
Apt000411,C00232,A068,2025-11-23,Onboarding,Y
Apt000412,C00207,A071,2025-05-04,Review,Y
Apt000413,C00172,A010,14/04/2025,Review,Y
Apt000414,C00412,A070,15/01/2025,Review,N
Apt000415,C00166,A004,2025-03-19,Review,Y
Apt000416,C00527,A021,2025-08-06,Review,Y
Apt000417,C00505,A042,2025-11-21,Review,N
Apt000418,C00544,A006,28/06/2025,Review,Y
Apt000419,C00552,A011,16/01/2025,Review,Y
Apt000420,C00076,A073,2025-10-22,Review,N
Apt000421,C00212,A012,2025-11-27,Review,Y
Apt000422,C00022,A031,2025-10-27,Review,Y
Apt000423,C00154,A031,16/07/2025,Advice,Y
Apt000424,C00424,A043,2025-12-29,Review,Y
Apt000425,C00292,A058,2025-04-06,Review,Y
Apt000426,C00410,A050,2025-03-01,Review,Y
Apt000427,C00593,A080,2025-10-13,Onboarding,N
Apt000428,C00121,A041,07/04/2025,Onboarding,Y
Apt000429,C00511,A076,2025-08-01,Onboarding,Y
Apt000430,C00512,A077,13/07/2025,Review,Y
Apt000431,C00385,A036,20/08/2025,Review,N
Apt000432,C00234,A077,2025-08-24,Review,Y
Apt000433,C00218,A044,05/03/2025,Review,Y
Apt000434,C00416,A066,2025-11-04,Review,Y
Apt000435,C00462,A015,13/07/2025,Review,Y
Apt000436,C00339,A077,01/08/2025,Onboarding,Y
Apt000437,C00571,A034,2025-07-31,Review,Y
Apt000438,C00577,A070,11/08/2025,Onboarding,Y
Apt000439,C00246,A044,09/02/2025,Review,Y
Apt000440,C00149,A033,01/01/2025,Review,N
Apt000441,C00404,A079,2025-03-13,Review,N
Apt000442,C00503,A006,2025-06-10,Review,Y
Apt000443,C00384,A040,21/07/2025,Advice,Y
Apt000444,C00033,A006,2025-05-04,Review,Y
Apt000445,C00402,A075,2025-05-23,Onboarding,Y
Apt000446,C00425,A014,2025-03-31,Review,Y
Apt000447,C00269,A005,17/01/2025,Onboarding,Y
Apt000448,C00299,A045,10/03/2025,Review,Y
Apt000449,C00113,A059,2025-03-07,Advice,Y
Apt000450,C00504,A073,2025-03-10,Advice,N
Apt000451,C00321,A043,2025-12-15,Advice,Y
Apt000452,C00040,A053,24/12/2025,Review,Y
Apt000453,C00548,A027,23/04/2025,Review,Y
Apt000454,C00365,A069,18/05/2025,Review,Y
Apt000455,C00206,A069,2025-11-11,Advice,N
Apt000456,C00235,A048,2025-10-29,Review,N
Apt000457,C00107,A079,2025-10-06,Onboarding,Y
Apt000458,C00597,A073,21/01/2025,Review,Y
Apt000459,C00092,A025,2025-02-07,Review,N
Apt000460,C00414,A008,2025-04-17,Review,Y
Apt000461,C00040,A078,13/08/2025,Advice,N
Apt000462,C00396,A032,05/08/2025,Advice,Y
Apt000463,C00474,A061,11/10/2025,Review,Y
Apt000464,C00466,A001,2025-04-24,Review,Y
Apt000465,C00306,A031,2025-08-04,Advice,Y
Apt000466,C00043,A071,07/09/2025,Review,Y
Apt000467,C00133,A015,03/07/2025,Review,Y
Apt000468,C00577,A070,2025-11-13,Onboarding,Y
Apt000469,C00351,A016,09/01/2025,Onboarding,Y
Apt000470,C00594,A078,18/02/2025,Review,Y
Apt000471,C00149,A074,31/08/2025,Review,Y
Apt000472,C00071,A072,20/08/2025,Review,Y
Apt000473,C00321,A057,2025-11-11,Review,Y
Apt000474,C00444,A011,2025-02-06,Review,N
Apt000475,C00162,A018,2025-06-17,Review,N
Apt000476,C00360,A045,2025-03-18,Advice,Y
Apt000477,C00458,A020,22/11/2025,Review,Y
Apt000478,C00196,A080,05/06/2025,Onboarding,Y
Apt000479,C00160,A014,2025-05-22,Review,Y
Apt000480,C00506,A076,2025-07-26,Advice,Y
Apt000481,C00092,A027,2025-03-03,Onboarding,N
Apt000482,C00261,A077,2025-05-21,Review,Y
Apt000483,C00145,A080,31/05/2025,Review,Y
Apt000484,C00239,A076,2025-01-14,Review,Y
Apt000485,C00071,A009,2025-11-12,Review,Y
Apt000486,C00475,A013,2025-03-26,Review,Y
Apt000487,C00547,A045,2025-04-19,Review,Y
Apt000488,C00308,A008,2025-05-06,Review,Y
Apt000489,C00399,A056,29/06/2025,Onboarding,N
Apt000490,C00103,A007,2025-02-02,Review,Y
Apt000491,C00280,A077,2025-08-23,Review,Y
Apt000492,C00599,A015,2025-06-05,Review,Y
Apt000493,C00133,A056,2025-07-22,Onboarding,Y
Apt000494,C00086,A056,04/07/2025,Review,Y
Apt000495,C00181,A037,11/08/2025,Onboarding,Y
Apt000496,C00035,A064,2025-06-07,Onboarding,Y
Apt000497,C00506,A017,2025-03-13,Review,Y
Apt000498,C00034,A021,2025-07-12,Review,Y
Apt000499,C00478,A078,2025-01-27,Review,Y
Apt000500,C00466,A052,26/02/2025,Onboarding,Y
Apt000501,C00385,A033,09/10/2025,Onboarding,Y
Apt000502,C00122,A077,16/07/2025,Advice,Y
Apt000503,C00309,A012,2025-05-07,Review,Y
Apt000504,C00208,A046,08/09/2025,Advice,N
Apt000505,C00126,A070,2025-03-07,Onboarding,Y
Apt000506,C00505,A075,14/07/2025,Review,Y
Apt000507,C00062,A071,2025-04-22,Review,Y
Apt000508,C00055,A057,2025-02-04,Onboarding,Y
Apt000509,C00348,A020,18/10/2025,Review,N
Apt000510,C00374,A068,27/10/2025,Onboarding,N
Apt000511,C00523,A044,2025-07-02,Advice,Y
Apt000512,C00240,A030,2025-11-26,Review,N
Apt000513,C00224,A025,15/07/2025,Advice,Y
Apt000514,C00538,A031,2025-11-10,Review,N
Apt000515,C00048,A002,21/11/2025,Review,N
Apt000516,C00487,A054,2025-06-21,Onboarding,Y
Apt000517,C00590,A014,02/07/2025,Review,Y
Apt000518,C00521,A023,2025-10-26,Review,N
Apt000519,C00334,A069,2025-03-22,Onboarding,Y
Apt000520,C00247,A052,24/11/2025,Review,Y
Apt000521,C00105,A050,2025-04-04,Onboarding,Y
Apt000522,C00514,A071,06/09/2025,Onboarding,Y
Apt000523,C00509,A033,17/12/2025,Review,Y
Apt000524,C00459,A009,2025-08-13,Advice,Y
Apt000525,C00372,A008,2025-07-12,Onboarding,N
Apt000526,C00035,A075,2025-05-15,Review,N
Apt000527,C00576,A007,2025-02-17,Advice,Y
Apt000528,C00244,A021,2025-06-02,Onboarding,Y
Apt000529,C00409,A053,2025-11-08,Onboarding,Y
Apt000530,C00521,A015,24/01/2025,Review,Y
Apt000531,C00205,A072,14/01/2025,Review,Y
Apt000532,C00555,A052,21/04/2025,Advice,Y
Apt000533,C00545,A076,2025-10-08,Review,Y
Apt000534,C00493,A069,15/06/2025,Review,N
Apt000535,C00566,A072,02/01/2025,Review,Y
Apt000536,C00269,A037,2025-04-02,Review,Y
Apt000537,C00152,A078,2025-06-21,Review,N
Apt000538,C00062,A004,2025-06-25,Onboarding,Y
Apt000539,C00168,A079,2025-02-02,Review,Y
Apt000540,C00384,A061,17/04/2025,Review,Y
Apt000541,C00312,A022,19/05/2025,Review,Y
Apt000542,C00576,A049,2025-05-28,Advice,Y
Apt000543,C00060,A036,2025-12-16,Onboarding,Y
Apt000544,C00279,A063,11/05/2025,Onboarding,Y
Apt000545,C00317,A038,09/10/2025,Review,Y
Apt000546,C00300,A040,24/07/2025,Review,N
Apt000547,C00569,A064,2025-09-04,Review,Y
Apt000548,C00043,A068,2025-03-14,Review,N
Apt000549,C00318,A056,03/04/2025,Review,Y
Apt000550,C00112,A014,01/10/2025,Review,Y
Apt000551,C00507,A002,02/10/2025,Onboarding,Y
Apt000552,C00473,A063,28/04/2025,Review,Y
Apt000553,C00171,A019,2025-10-21,Review,Y
Apt000554,C00360,A078,2025-01-01,Review,Y
Apt000555,C00411,A071,03/06/2025,Review,Y
Apt000556,C00257,A009,29/08/2025,Review,Y
Apt000557,C00049,A033,04/05/2025,Review,Y
Apt000558,C00560,A061,2025-04-30,Advice,Y
Apt000559,C00464,A044,2025-02-03,Advice,Y
Apt000560,C00226,A065,10/05/2025,Onboarding,Y
Apt000561,C00523,A057,2025-07-04,Review,Y
Apt000562,C00393,A024,22/05/2025,Onboarding,Y
Apt000563,C00088,A044,13/07/2025,Review,Y
Apt000564,C00101,A068,2025-12-23,Review,Y
Apt000565,C00099,A006,2025-02-12,Review,N
Apt000566,C00534,A067,11/07/2025,Review,Y
Apt000567,C00486,A034,18/12/2025,Onboarding,Y
Apt000568,C00071,A025,2025-09-04,Advice,Y
Apt000569,C00428,A027,2025-05-30,Review,Y
Apt000570,C00286,A018,2025-10-25,Review,Y
Apt000571,C00316,A005,12/04/2025,Review,Y
Apt000572,C00477,A044,2025-03-18,Review,Y
Apt000573,C00567,A005,2025-07-03,Review,Y
Apt000574,C00127,A061,2025-02-17,Review,Y
Apt000575,C00551,A006,28/02/2025,Review,N
Apt000576,C00425,A075,2025-05-14,Onboarding,Y
Apt000577,C00387,A039,23/12/2025,Review,Y
Apt000578,C00139,A008,29/10/2025,Onboarding,Y
Apt000579,C00132,A075,23/08/2025,Onboarding,N
Apt000580,C00236,A043,2025-09-27,Advice,Y
Apt000581,C00161,A041,2025-09-22,Review,Y
Apt000582,C00417,A076,2025-08-27,Review,Y
Apt000583,C00557,A069,2025-10-29,Onboarding,N
Apt000584,C00404,A030,12/06/2025,Onboarding,Y
Apt000585,C00165,A059,20/04/2025,Advice,Y
Apt000586,C00226,A023,2025-02-02,Onboarding,Y
Apt000587,C00149,A057,2025-03-10,Review,Y
Apt000588,C00314,A025,19/12/2025,Review,Y
Apt000589,C00307,A048,2025-01-05,Onboarding,Y
Apt000590,C00420,A070,29/05/2025,Review,N
Apt000591,C00178,A042,08/01/2025,Onboarding,Y
Apt000592,C00331,A029,2025-10-26,Review,Y
Apt000593,C00504,A071,14/06/2025,Onboarding,Y
Apt000594,C00541,A045,27/05/2025,Onboarding,Y
Apt000595,C00298,A041,05/05/2025,Advice,Y
Apt000596,C00187,A073,14/08/2025,Advice,Y
Apt000597,C00451,A063,11/09/2025,Onboarding,Y
Apt000598,C00084,A047,2025-11-30,Review,Y
Apt000599,C00258,A001,2025-08-11,Review,Y
Apt000600,C00114,A020,2025-08-06,Review,Y
Apt000601,C00089,A019,18/02/2025,Onboarding,Y
Apt000602,C00536,A065,21/09/2025,Review,Y
Apt000603,C00547,A074,10/04/2025,Review,Y
Apt000604,C00421,A036,2025-01-27,Advice,Y
Apt000605,C00174,A023,2025-12-24,Onboarding,Y
Apt000606,C00580,A029,28/09/2025,Onboarding,Y
Apt000607,C00502,A044,11/07/2025,Review,Y
Apt000608,C00569,A007,15/09/2025,Advice,Y
Apt000609,C00552,A031,2025-01-27,Review,Y
Apt000610,C00474,A038,2025-01-31,Review,Y
Apt000611,C00213,A066,21/02/2025,Review,Y
Apt000612,C00173,A079,23/12/2025,Review,Y
Apt000613,C00400,A022,2025-10-02,Review,N
Apt000614,C00279,A075,2025-09-03,Onboarding,N
Apt000615,C00216,A054,2025-05-05,Onboarding,Y
Apt000616,C00510,A054,13/02/2025,Review,Y
Apt000617,C00595,A006,09/06/2025,Review,Y
Apt000618,C00219,A073,16/04/2025,Advice,Y
Apt000619,C00104,A062,2025-10-26,Review,Y
Apt000620,C00051,A029,2025-02-13,Onboarding,Y
Apt000621,C00077,A043,16/06/2025,Advice,Y
Apt000622,C00429,A067,17/02/2025,Advice,Y
Apt000623,C00004,A062,2025-02-03,Review,Y
Apt000624,C00311,A013,2025-05-09,Review,Y
Apt000625,C00089,A064,2025-04-28,Advice,Y
Apt000626,C00471,A047,10/08/2025,Onboarding,Y
Apt000627,C00363,A060,2025-09-04,Onboarding,Y
Apt000628,C00030,A015,2025-10-01,Advice,Y
Apt000629,C00158,A005,2025-07-31,Onboarding,Y
Apt000630,C00517,A069,29/03/2025,Onboarding,Y
Apt000631,C00493,A002,2025-11-20,Review,Y
Apt000632,C00271,A038,23/02/2025,Onboarding,Y
Apt000633,C00401,A054,2025-01-08,Review,N
Apt000634,C00048,A039,2025-09-06,Review,N
Apt000635,C00353,A020,2025-10-08,Review,Y
Apt000636,C00281,A020,2025-02-09,Advice,Y
Apt000637,C00500,A029,08/10/2025,Advice,Y
Apt000638,C00275,A035,2025-08-22,Advice,Y
Apt000639,C00059,A032,19/02/2025,Review,Y
Apt000640,C00181,A017,2025-01-24,Onboarding,Y
Apt000641,C00471,A051,11/11/2025,Review,Y
Apt000642,C00424,A008,2025-12-10,Onboarding,Y
Apt000643,C00213,A021,2025-07-27,Review,Y
Apt000644,C00100,A023,20/11/2025,Advice,Y
Apt000645,C00462,A051,2025-09-26,Review,Y
Apt000646,C00019,A006,2025-06-13,Onboarding,Y
Apt000647,C00536,A052,2025-08-05,Review,Y
Apt000648,C00090,A008,04/06/2025,Review,Y
Apt000649,C00490,A069,07/03/2025,Review,Y
Apt000650,C00315,A033,19/06/2025,Review,Y
Apt000651,C00317,A062,2025-08-21,Review,Y
Apt000652,C00032,A065,2025-01-28,Review,N
Apt000653,C00557,A063,28/07/2025,Review,Y
Apt000654,C00419,A032,2025-11-25,Review,Y
Apt000655,C00438,A055,2025-10-08,Onboarding,Y
Apt000656,C00130,A033,2025-11-30,Onboarding,Y
Apt000657,C00581,A038,2025-01-02,Advice,Y
Apt000658,C00208,A002,15/03/2025,Review,Y
Apt000659,C00199,A010,2025-08-08,Review,Y
Apt000660,C00244,A066,24/10/2025,Review,Y
Apt000661,C00361,A076,03/12/2025,Review,Y
Apt000662,C00088,A015,12/04/2025,Review,Y
Apt000663,C00561,A061,2025-05-06,Review,Y
Apt000664,C00026,A031,2025-02-06,Advice,Y
Apt000665,C00224,A038,10/07/2025,Review,Y
Apt000666,C00491,A029,15/05/2025,Review,Y
Apt000667,C00283,A078,2025-04-02,Onboarding,Y
Apt000668,C00511,A043,28/12/2025,Review,Y
Apt000669,C00169,A023,11/04/2025,Review,Y
Apt000670,C00339,A025,07/01/2025,Review,Y
Apt000671,C00390,A028,26/07/2025,Review,Y
Apt000672,C00211,A072,18/01/2025,Onboarding,Y
Apt000673,C00107,A001,28/01/2025,Onboarding,Y
Apt000674,C00317,A020,2025-04-05,Onboarding,Y
Apt000675,C00322,A029,10/04/2025,Review,N
Apt000676,C00205,A008,28/01/2025,Advice,Y
Apt000677,C00224,A062,05/04/2025,Advice,Y
Apt000678,C00043,A014,15/09/2025,Review,Y
Apt000679,C00062,A038,10/08/2025,Review,N
Apt000680,C00013,A003,2025-06-21,Advice,Y
Apt000681,C00478,A003,28/11/2025,Onboarding,Y
Apt000682,C00083,A055,2025-12-20,Review,Y
Apt000683,C00374,A078,2025-06-21,Review,Y
Apt000684,C00589,A021,2025-12-23,Review,N
Apt000685,C00095,A035,2025-01-10,Advice,Y
Apt000686,C00520,A044,2025-12-12,Review,Y
Apt000687,C00531,A044,17/06/2025,Onboarding,Y
Apt000688,C00286,A043,2025-03-12,Onboarding,Y
Apt000689,C00567,A041,2025-03-28,Review,Y
Apt000690,C00174,A027,2025-05-28,Review,Y
Apt000691,C00166,A028,2025-02-18,Onboarding,Y
Apt000692,C00273,A005,19/02/2025,Review,Y
Apt000693,C00354,A043,2025-05-29,Onboarding,N
Apt000694,C00443,A063,20/03/2025,Review,Y
Apt000695,C00549,A039,14/01/2025,Onboarding,Y
Apt000696,C00372,A010,26/07/2025,Review,Y
Apt000697,C00450,A063,29/07/2025,Review,Y
Apt000698,C00042,A009,03/09/2025,Advice,Y
Apt000699,C00255,A029,2025-01-19,Onboarding,Y
Apt000700,C00065,A028,2025-02-22,Review,N
Apt000701,C00473,A011,2025-06-11,Advice,N
Apt000702,C00336,A015,08/02/2025,Review,Y
Apt000703,C00010,A024,12/05/2025,Review,N
Apt000704,C00021,A035,2025-06-13,Onboarding,Y
Apt000705,C00180,A061,2025-10-29,Review,Y
Apt000706,C00359,A020,17/10/2025,Onboarding,Y
Apt000707,C00079,A058,14/03/2025,Onboarding,Y
Apt000708,C00133,A063,2025-01-10,Review,Y
Apt000709,C00392,A075,2025-02-18,Advice,Y
Apt000710,C00564,A060,2025-07-25,Review,Y
Apt000711,C00385,A039,06/08/2025,Onboarding,Y
Apt000712,C00084,A020,2025-05-08,Review,Y
Apt000713,C00287,A058,2025-04-16,Advice,Y
Apt000714,C00152,A064,23/09/2025,Review,N
Apt000715,C00254,A014,14/03/2025,Review,Y
Apt000716,C00301,A036,07/03/2025,Review,Y
Apt000717,C00391,A013,11/03/2025,Review,Y
Apt000718,C00130,A001,11/03/2025,Review,Y
Apt000719,C00457,A013,2025-05-23,Review,N
Apt000720,C00575,A035,20/01/2025,Onboarding,Y
Apt000721,C00553,A008,17/01/2025,Review,Y
Apt000722,C00089,A018,13/06/2025,Review,N
Apt000723,C00330,A034,29/04/2025,Review,Y
Apt000724,C00471,A052,28/10/2025,Review,Y
Apt000725,C00043,A070,2025-03-08,Onboarding,Y
Apt000726,C00467,A058,2025-04-05,Advice,N
Apt000727,C00055,A027,07/12/2025,Advice,Y
Apt000728,C00051,A018,2025-04-01,Advice,Y
Apt000729,C00354,A057,25/01/2025,Review,Y
Apt000730,C00575,A009,2025-07-10,Review,Y
Apt000731,C00249,A064,2025-07-13,Advice,Y
Apt000732,C00327,A079,2025-03-13,Review,N
Apt000733,C00107,A023,2025-12-02,Review,Y
Apt000734,C00177,A059,2025-01-15,Onboarding,Y
Apt000735,C00129,A067,18/02/2025,Advice,Y
Apt000736,C00193,A073,06/12/2025,Review,Y
Apt000737,C00425,A022,11/11/2025,Onboarding,Y
Apt000738,C00094,A050,2025-01-24,Onboarding,Y
Apt000739,C00434,A023,2025-02-08,Onboarding,Y
Apt000740,C00096,A052,28/02/2025,Onboarding,Y
Apt000741,C00559,A007,17/04/2025,Review,Y
Apt000742,C00300,A017,12/05/2025,Review,N
Apt000743,C00365,A003,2025-10-01,Review,N
Apt000744,C00516,A007,07/06/2025,Review,N
Apt000745,C00576,A077,2025-04-18,Onboarding,Y
Apt000746,C00404,A041,25/04/2025,Onboarding,Y
Apt000747,C00236,A023,22/10/2025,Review,Y
Apt000748,C00542,A037,2025-02-21,Review,Y
Apt000749,C00071,A068,09/04/2025,Advice,Y
Apt000750,C00350,A073,2025-04-27,Onboarding,Y
Apt000751,C00085,A070,25/11/2025,Onboarding,N
Apt000752,C00498,A064,31/03/2025,Review,Y
Apt000753,C00365,A018,06/07/2025,Review,N
Apt000754,C00327,A035,2025-04-03,Review,Y
Apt000755,C00492,A023,22/09/2025,Onboarding,Y
Apt000756,C00160,A007,2025-07-13,Review,Y
Apt000757,C00208,A061,01/03/2025,Onboarding,Y
Apt000758,C00552,A076,20/04/2025,Onboarding,N
Apt000759,C00190,A049,2025-03-23,Review,Y
Apt000760,C00502,A057,05/05/2025,Advice,Y
Apt000761,C00123,A068,03/11/2025,Review,Y
Apt000762,C00105,A012,11/05/2025,Review,Y
Apt000763,C00591,A015,21/06/2025,Onboarding,N
Apt000764,C00199,A002,30/07/2025,Onboarding,Y
Apt000765,C00212,A047,2025-12-14,Review,Y
Apt000766,C00525,A075,26/05/2025,Onboarding,N
Apt000767,C00285,A056,2025-06-20,Review,N
Apt000768,C00324,A014,2025-03-06,Review,Y
Apt000769,C00467,A027,2025-04-21,Advice,N
Apt000770,C00138,A004,2025-06-05,Review,Y
Apt000771,C00356,A038,06/04/2025,Advice,Y
Apt000772,C00076,A002,14/09/2025,Review,Y
Apt000773,C00411,A004,2025-07-24,Advice,Y
Apt000774,C00355,A024,2025-06-02,Review,Y
Apt000775,C00070,A009,02/06/2025,Review,Y
Apt000776,C00557,A019,2025-11-09,Review,Y
Apt000777,C00178,A062,15/08/2025,Advice,Y
Apt000778,C00270,A072,2025-08-08,Review,Y
Apt000779,C00244,A041,2025-01-03,Review,Y
Apt000780,C00156,A077,30/03/2025,Onboarding,Y
Apt000781,C00189,A072,16/05/2025,Review,Y
Apt000782,C00199,A078,2025-10-26,Review,N
Apt000783,C00075,A050,2025-09-20,Review,Y
Apt000784,C00545,A074,2025-08-09,Onboarding,Y
Apt000785,C00093,A065,2025-08-08,Onboarding,Y
Apt000786,C00192,A076,09/04/2025,Review,N
Apt000787,C00106,A076,18/05/2025,Review,Y
Apt000788,C00438,A012,31/03/2025,Review,Y
Apt000789,C00231,A039,2025-01-28,Review,Y
Apt000790,C00299,A029,26/10/2025,Review,N
Apt000791,C00028,A058,02/07/2025,Review,Y
Apt000792,C00314,A067,07/05/2025,Onboarding,Y
Apt000793,C00527,A071,2025-08-12,Onboarding,Y
Apt000794,C00363,A077,21/08/2025,Onboarding,N
Apt000795,C00370,A075,2025-11-22,Onboarding,Y
Apt000796,C00090,A025,2025-12-10,Review,Y
Apt000797,C00538,A049,2025-08-31,Review,Y
Apt000798,C00351,A063,17/11/2025,Review,N
Apt000799,C00445,A027,05/05/2025,Advice,N
Apt000800,C00129,A070,22/05/2025,Review,Y
Apt000801,C00082,A070,05/12/2025,Advice,Y
Apt000802,C00209,A058,21/10/2025,Onboarding,Y
Apt000803,C00046,A009,2025-10-09,Onboarding,N
Apt000804,C00492,A001,23/11/2025,Onboarding,Y
Apt000805,C00001,A076,17/11/2025,Review,Y
Apt000806,C00563,A065,04/07/2025,Advice,Y
Apt000807,C00164,A024,01/04/2025,Advice,Y
Apt000808,C00459,A019,15/11/2025,Advice,Y
Apt000809,C00258,A014,2025-08-30,Review,Y
Apt000810,C00100,A014,29/04/2025,Onboarding,Y
Apt000811,C00537,A080,2025-07-02,Review,Y
Apt000812,C00147,A032,2025-07-27,Onboarding,Y
Apt000813,C00583,A006,2025-02-17,Review,N
Apt000814,C00014,A023,2025-06-21,Advice,Y
Apt000815,C00430,A019,2025-12-19,Review,Y
Apt000816,C00293,A002,01/04/2025,Onboarding,N
Apt000817,C00269,A074,2025-07-16,Review,Y
Apt000818,C00455,A041,2025-07-26,Onboarding,Y
Apt000819,C00338,A053,2025-07-09,Review,Y
Apt000820,C00436,A027,20/06/2025,Onboarding,Y
Apt000821,C00585,A008,16/10/2025,Review,Y
Apt000822,C00087,A043,2025-02-03,Onboarding,Y
Apt000823,C00351,A033,17/05/2025,Review,Y
Apt000824,C00424,A043,2025-09-07,Onboarding,Y
Apt000825,C00231,A030,2025-07-19,Advice,N
Apt000826,C00568,A034,2025-03-22,Advice,Y
Apt000827,C00215,A078,2025-07-09,Review,Y
Apt000828,C00448,A020,2025-05-07,Onboarding,Y
Apt000829,C00136,A062,24/11/2025,Review,N
Apt000830,C00254,A079,2025-09-19,Advice,Y
Apt000831,C00329,A002,2025-02-01,Review,Y
Apt000832,C00528,A080,14/11/2025,Review,Y
Apt000833,C00501,A068,2025-08-02,Review,Y
Apt000834,C00264,A079,2025-08-02,Review,Y
Apt000835,C00373,A019,2025-06-03,Review,N
Apt000836,C00060,A035,23/02/2025,Review,Y
Apt000837,C00458,A020,17/05/2025,Review,N
Apt000838,C00460,A041,2025-08-31,Onboarding,Y
Apt000839,C00187,A029,09/07/2025,Advice,Y
Apt000840,C00377,A015,23/04/2025,Review,Y
Apt000841,C00414,A032,2025-05-08,Review,Y
Apt000842,C00044,A013,2025-07-27,Review,Y
Apt000843,C00479,A007,25/10/2025,Review,Y
Apt000844,C00166,A054,2025-12-24,Review,Y
Apt000845,C00153,A016,09/07/2025,Review,Y
Apt000846,C00152,A010,23/03/2025,Review,Y
Apt000847,C00097,A056,28/05/2025,Review,N
Apt000848,C00137,A066,15/08/2025,Review,Y
Apt000849,C00217,A038,2025-05-19,Review,Y
Apt000850,C00340,A053,2025-07-21,Review,N
Apt000851,C00209,A034,2025-08-11,Review,Y
Apt000852,C00052,A001,2025-06-12,Review,Y
Apt000853,C00198,A079,08/12/2025,Onboarding,Y
Apt000854,C00448,A074,2025-04-30,Review,N
Apt000855,C00548,A059,23/06/2025,Review,Y
Apt000856,C00105,A025,17/04/2025,Review,N
Apt000857,C00360,A032,2025-10-15,Review,Y
Apt000858,C00524,A031,25/10/2025,Onboarding,Y
Apt000859,C00478,A074,2025-12-24,Review,Y
Apt000860,C00214,A003,19/12/2025,Review,Y
Apt000861,C00554,A066,2025-12-25,Onboarding,Y
Apt000862,C00349,A041,28/07/2025,Review,Y
Apt000863,C00472,A062,07/03/2025,Review,N
Apt000864,C00067,A053,2025-11-21,Onboarding,Y
Apt000865,C00169,A033,2025-10-23,Onboarding,Y
Apt000866,C00152,A013,2025-10-10,Onboarding,Y
Apt000867,C00474,A039,2025-06-23,Review,Y
Apt000868,C00197,A029,2025-05-08,Review,Y
Apt000869,C00013,A025,2025-03-20,Review,N
Apt000870,C00162,A019,2025-05-29,Review,N
Apt000871,C00486,A065,14/04/2025,Onboarding,Y
Apt000872,C00332,A016,29/12/2025,Onboarding,Y
Apt000873,C00048,A072,2025-07-18,Review,Y
Apt000874,C00555,A071,2025-09-10,Review,Y
Apt000875,C00593,A075,31/10/2025,Review,Y
Apt000876,C00068,A060,2025-03-19,Review,Y
Apt000877,C00234,A079,2025-06-02,Onboarding,Y
Apt000878,C00241,A057,2025-02-22,Advice,Y
Apt000879,C00456,A045,23/06/2025,Advice,Y
Apt000880,C00210,A052,01/09/2025,Onboarding,N
Apt000881,C00154,A006,2025-02-11,Onboarding,Y
Apt000882,C00159,A060,22/03/2025,Review,N
Apt000883,C00182,A037,25/11/2025,Onboarding,Y
Apt000884,C00184,A054,23/08/2025,Review,N
Apt000885,C00568,A004,27/11/2025,Review,Y
Apt000886,C00565,A047,24/12/2025,Review,Y
Apt000887,C00200,A037,2025-08-03,Review,N
Apt000888,C00546,A042,2025-04-11,Review,Y
Apt000889,C00046,A048,2025-11-17,Onboarding,N
Apt000890,C00340,A061,2025-10-08,Onboarding,Y
Apt000891,C00562,A062,2025-04-25,Review,Y
Apt000892,C00496,A055,15/06/2025,Onboarding,Y
Apt000893,C00523,A037,2025-05-19,Review,Y
Apt000894,C00231,A015,19/04/2025,Review,N
Apt000895,C00086,A059,2025-12-04,Review,Y
Apt000896,C00146,A063,2025-05-27,Review,Y
Apt000897,C00318,A066,30/07/2025,Review,Y
Apt000898,C00535,A042,08/10/2025,Onboarding,Y
Apt000899,C00360,A031,2025-06-18,Advice,Y
Apt000900,C00181,A006,2025-09-14,Review,N
Apt000901,C00574,A019,08/08/2025,Onboarding,Y
Apt000902,C00074,A038,2025-05-07,Review,Y
Apt000903,C00529,A079,09/12/2025,Review,Y
Apt000904,C00255,A033,2025-10-23,Onboarding,Y
Apt000905,C00365,A053,2025-01-14,Review,Y
Apt000906,C00264,A030,31/07/2025,Review,N
Apt000907,C00185,A075,2025-02-21,Review,Y
Apt000908,C00432,A065,21/07/2025,Review,Y
Apt000909,C00488,A014,2025-10-03,Review,N
Apt000910,C00106,A010,2025-03-17,Onboarding,Y
Apt000911,C00434,A017,2025-06-01,Advice,Y
Apt000912,C00567,A075,17/10/2025,Onboarding,Y
Apt000913,C00137,A015,29/08/2025,Review,Y
Apt000914,C00288,A076,2025-10-30,Review,Y
Apt000915,C00343,A003,2025-11-24,Review,Y
Apt000916,C00352,A022,02/05/2025,Review,Y
Apt000917,C00569,A056,12/11/2025,Advice,Y
Apt000918,C00005,A059,08/11/2025,Review,Y
Apt000919,C00449,A026,2025-10-07,Review,Y
Apt000920,C00498,A050,2025-12-03,Review,Y
Apt000921,C00223,A080,09/02/2025,Advice,N
Apt000922,C00137,A061,01/08/2025,Review,Y
Apt000923,C00538,A055,2025-02-19,Review,Y
Apt000924,C00194,A064,01/07/2025,Review,Y
Apt000925,C00337,A003,2025-04-25,Advice,Y
Apt000926,C00006,A030,11/12/2025,Onboarding,Y
Apt000927,C00213,A058,14/09/2025,Review,Y
Apt000928,C00587,A013,12/02/2025,Onboarding,Y
Apt000929,C00505,A072,2025-02-21,Onboarding,Y
Apt000930,C00231,A024,21/07/2025,Onboarding,Y
Apt000931,C00091,A069,21/09/2025,Advice,Y
Apt000932,C00340,A007,2025-12-02,Review,N
Apt000933,C00539,A051,11/04/2025,Advice,Y
Apt000934,C00530,A054,2025-12-22,Advice,Y
Apt000935,C00210,A051,2025-08-25,Review,Y
Apt000936,C00380,A027,15/02/2025,Review,Y
Apt000937,C00011,A012,15/01/2025,Review,Y
Apt000938,C00516,A041,06/05/2025,Review,Y
Apt000939,C00595,A033,2025-01-12,Onboarding,Y
Apt000940,C00555,A079,2025-09-12,Onboarding,Y
Apt000941,C00551,A031,2025-04-17,Onboarding,Y
Apt000942,C00084,A011,2025-08-31,Advice,N
Apt000943,C00337,A036,08/03/2025,Advice,Y
Apt000944,C00055,A006,14/07/2025,Review,Y
Apt000945,C00321,A045,2025-01-31,Review,N
Apt000946,C00093,A060,30/08/2025,Onboarding,Y
Apt000947,C00108,A072,2025-12-20,Review,N
Apt000948,C00350,A037,2025-03-27,Onboarding,Y
Apt000949,C00409,A030,03/01/2025,Advice,Y
Apt000950,C00549,A038,2025-02-18,Review,Y
Apt000951,C00587,A016,21/05/2025,Review,Y
Apt000952,C00208,A079,2025-10-02,Onboarding,Y
Apt000953,C00489,A038,2025-11-11,Review,N
Apt000954,C00073,A053,05/08/2025,Review,Y
Apt000955,C00091,A008,2025-09-04,Review,Y
Apt000956,C00448,A009,11/10/2025,Review,Y
Apt000957,C00235,A021,2025-12-31,Review,N
Apt000958,C00580,A041,2025-01-10,Onboarding,Y
Apt000959,C00224,A069,2025-10-12,Review,Y
Apt000960,C00216,A019,13/03/2025,Review,Y
Apt000961,C00166,A080,2025-07-17,Review,N
Apt000962,C00434,A018,2025-05-21,Review,Y
Apt000963,C00061,A076,2025-10-21,Review,Y
Apt000964,C00070,A080,2025-04-17,Onboarding,Y
Apt000965,C00543,A005,02/03/2025,Advice,Y
Apt000966,C00185,A067,2025-03-09,Review,Y
Apt000967,C00127,A071,04/03/2025,Review,Y
Apt000968,C00140,A032,2025-05-27,Review,Y
Apt000969,C00263,A078,23/07/2025,Review,Y
Apt000970,C00600,A048,11/04/2025,Review,Y
Apt000971,C00156,A033,31/10/2025,Review,N
Apt000972,C00331,A069,2025-06-02,Review,Y
Apt000973,C00480,A072,15/08/2025,Review,Y
Apt000974,C00321,A002,23/07/2025,Onboarding,Y
Apt000975,C00164,A054,05/04/2025,Advice,N
Apt000976,C00326,A042,2025-06-15,Review,Y
Apt000977,C00138,A035,2025-11-25,Advice,Y
Apt000978,C00202,A061,23/05/2025,Onboarding,N
Apt000979,C00090,A060,15/03/2025,Onboarding,N
Apt000980,C00449,A049,2025-10-24,Review,Y
Apt000981,C00586,A023,2025-11-21,Review,Y
Apt000982,C00446,A068,26/03/2025,Review,Y
Apt000983,C00482,A035,2025-07-18,Review,Y
Apt000984,C00358,A014,2025-12-26,Review,Y
Apt000985,C00600,A022,01/06/2025,Onboarding,N
Apt000986,C00019,A030,2025-06-26,Review,Y
Apt000987,C00030,A003,2025-07-27,Review,Y
Apt000988,C00214,A075,16/04/2025,Review,Y
Apt000989,C00416,A010,08/04/2025,Advice,Y
Apt000990,C00168,A067,03/11/2025,Advice,Y
Apt000991,C00356,A041,2025-02-25,Review,Y
Apt000992,C00364,A048,2025-08-24,Review,Y
Apt000993,C00336,A050,2025-03-13,Advice,Y
Apt000994,C00085,A069,2025-10-27,Review,Y
Apt000995,C00104,A058,29/10/2025,Review,Y
Apt000996,C00118,A015,2025-11-19,Review,Y
Apt000997,C00038,A048,03/06/2025,Onboarding,N
Apt000998,C00483,A006,06/01/2025,Review,Y
Apt000999,C00481,A004,21/04/2025,Review,Y
Apt001000,C00136,A023,22/07/2025,Review,Y
