policy_id,client_id,product_type,inception_date,status
P000001,C00488,ISA,2024-02-21,Active
P000002,C00124,SIPP,2025-11-16,Lapsed
P000003,C00414,Protection,2025-06-27,Active
P000004,C00172,Protection,2024-08-19,Active
P000005,C00288,SIPP,2025-10-15,Lapsed
P000006,C00435,ISA,2024-08-26,Lapsed
P000007,C00113,GIA,2024-02-23,Lapsed
P000008,C00122,Mortgage,2024-04-12,Active
P000009,C00544,SIPP,2025-02-27,Lapsed
P000010,C00222,SIPP,2024-12-04,Active
P000011,C00039,GIA,2025-04-28,Active
P000012,C00497,GIA,2024-04-12,Active
P000013,C00233,Protection,2025-11-28,Active
P000014,C00530,SIPP,2024-05-20,Active
P000015,C00149,Protection,2024-01-06,Lapsed
P000016,C00397,GIA,2025-07-17,Active
P000017,C00302,SIPP,2024-06-10,Active
P000018,C00360,ISA,2025-02-20,Active
P000019,C00238,Protection,2025-10-30,Active
P000020,C00236,GIA,2025-05-02,Lapsed
P000021,C00203,GIA,2025-05-03,Active
P000022,C00256,SIPP,2025-10-28,Active
P000023,C00598,Mortgage,2024-07-23,Lapsed
P000024,C00235,ISA,2024-10-21,Active
P000025,C00345,Protection,2024-11-24,Active
P000026,C00534,GIA,2024-10-19,Active
P000027,C00466,GIA,2025-10-23,Active
P000028,C00541,ISA,2024-03-01,Active
P000029,C00213,GIA,2024-04-01,Active
P000030,C00463,SIPP,2025-10-29,Lapsed
P000031,C00436,ISA,2025-08-10,Lapsed
P000032,C00283,GIA,2024-08-25,Active
P000033,C00562,Mortgage,2025-07-01,Active
P000034,C00463,ISA,2024-02-08,Lapsed
P000035,C00407,Protection,2024-06-28,Active
P000036,C00088,GIA,2025-03-03,Active
P000037,C00044,SIPP,2024-06-29,Active
P000038,C00461,GIA,2024-02-07,Lapsed
P000039,C00278,ISA,2025-02-10,Active
P000040,C00421,ISA,2025-05-22,Active
P000041,C00353,ISA,2024-07-09,Active
P000042,C00515,ISA,2024-10-23,Lapsed
P000043,C00019,SIPP,2024-02-08,Active
P000044,C00023,Protection,2024-01-10,Lapsed
P000045,C00413,Protection,2024-11-01,Active
P000046,C00030,SIPP,2025-08-04,Active
P000047,C00108,ISA,2025-09-09,Active
P000048,C00367,GIA,2024-04-19,Active
P000049,C00281,GIA,2024-12-09,Lapsed
P000050,C00128,ISA,2024-10-18,Active
P000051,C00229,SIPP,2025-04-10,Lapsed
P000052,C00111,SIPP,2025-10-18,Active
P000053,C00136,GIA,2025-07-10,Active
P000054,C00362,GIA,2025-06-20,Active
P000055,C00186,Protection,2025-05-20,Active
P000056,C00584,Protection,2024-05-17,Lapsed
P000057,C00129,GIA,2025-05-31,Active
P000058,C00261,Mortgage,2025-04-24,Active
P000059,C00515,Mortgage,2024-10-06,Active
P000060,C00449,GIA,2024-07-16,Active
P000061,C00104,GIA,2024-04-25,Active
P000062,C00483,SIPP,2024-12-04,Lapsed
P000063,C00224,Mortgage,2024-06-15,Active
P000064,C00491,Protection,2025-04-14,Active
P000065,C00473,ISA,2025-10-25,Active
P000066,C00010,GIA,2024-09-20,Lapsed
P000067,C00405,SIPP,2024-07-09,Active
P000068,C00302,SIPP,2024-01-15,Active
P000069,C00231,ISA,2024-12-11,Active
P000070,C00066,Protection,2024-10-29,Active
P000071,C00112,SIPP,2025-08-04,Active
P000072,C00013,Protection,2025-11-21,Active
P000073,C00393,Protection,2024-07-16,Lapsed
P000074,C00500,Protection,2024-06-28,Active
P000075,C00598,GIA,2025-09-17,Lapsed
P000076,C00234,SIPP,2025-10-16,Active
P000077,C00314,ISA,2025-02-19,Active
P000078,C00566,SIPP,2025-03-13,Active
P000079,C00012,ISA,2025-06-11,Active
P000080,C00209,SIPP,2024-12-01,Lapsed
P000081,C00014,ISA,2024-03-29,Active
P000082,C00418,ISA,2025-02-14,Active
P000083,C00437,ISA,2025-11-16,Active
P000084,C00377,ISA,2024-04-07,Lapsed
P000085,C00020,Protection,2024-07-08,Active
P000086,C00587,Protection,2024-05-23,Lapsed
P000087,C00070,SIPP,2025-05-03,Active
P000088,C00211,ISA,2024-11-27,Active
P000089,C00101,ISA,2024-09-11,Active
P000090,C00132,ISA,2024-01-07,Active
P000091,C00381,ISA,2024-09-24,Active
P000092,C00132,Protection,2025-01-27,Active
P000093,C00020,ISA,2024-08-29,Lapsed
P000094,C00536,GIA,2025-04-02,Lapsed
P000095,C00227,ISA,2024-09-30,Active
P000096,C00154,ISA,2024-12-03,Active
P000097,C00469,SIPP,2024-11-05,Active
P000098,C00405,SIPP,2025-08-19,Active
P000099,C00202,ISA,2025-08-09,Active
P000100,C00038,ISA,2024-01-12,Lapsed
P000101,C00188,GIA,2024-09-24,Active
P000102,C00057,ISA,2025-10-31,Active
P000103,C00020,ISA,2025-01-03,Active
P000104,C00273,Mortgage,2025-12-10,Active
P000105,C00119,SIPP,2024-08-29,Active
P000106,C00583,SIPP,2024-03-04,Active
P000107,C00516,GIA,2025-11-14,Active
P000108,C00221,GIA,2024-05-01,Active
P000109,C00526,SIPP,2025-04-21,Active
P000110,C00515,SIPP,2024-11-10,Lapsed
P000111,C00336,Protection,2024-06-12,Active
P000112,C00055,ISA,2025-02-19,Active
P000113,C00500,SIPP,2025-12-03,Active
P000114,C00536,GIA,2025-05-29,Active
P000115,C00162,Protection,2025-12-21,Active
P000116,C00594,SIPP,2024-11-14,Lapsed
P000117,C00159,SIPP,2025-12-07,Active
P000118,C00188,ISA,2024-04-30,Active
P000119,C00060,SIPP,2025-10-16,Active
P000120,C00319,ISA,2024-10-29,Active
P000121,C00211,GIA,2025-01-11,Lapsed
P000122,C00406,ISA,2025-09-21,Lapsed
P000123,C00109,SIPP,2024-08-14,Active
P000124,C00076,ISA,2024-08-12,Lapsed
P000125,C00542,GIA,2024-05-16,Active
P000126,C00314,Protection,2025-05-04,Lapsed
P000127,C00117,ISA,2024-06-05,Active
P000128,C00019,SIPP,2025-04-10,Lapsed
P000129,C00432,GIA,2025-09-12,Lapsed
P000130,C00350,ISA,2025-01-17,Active
P000131,C00183,Protection,2025-03-01,Active
P000132,C00113,ISA,2025-12-19,Lapsed
P000133,C00183,GIA,2025-07-16,Lapsed
P000134,C00481,SIPP,2025-04-27,Active
P000135,C00146,SIPP,2025-07-04,Active
P000136,C00113,SIPP,2025-11-11,Active
P000137,C00476,GIA,2024-08-11,Active
P000138,C00303,ISA,2024-09-10,Active
P000139,C00118,Protection,2025-11-27,Active
P000140,C00161,SIPP,2025-09-02,Lapsed
P000141,C00401,Protection,2024-03-24,Active
P000142,C00198,Protection,2025-06-22,Lapsed
P000143,C00260,Protection,2025-04-02,Active
P000144,C00047,GIA,2025-06-24,Active
P000145,C00399,GIA,2025-12-21,Active
P000146,C00559,Protection,2025-01-05,Active
P000147,C00078,GIA,2024-03-20,Active
P000148,C00124,ISA,2025-07-31,Active
P000149,C00075,Protection,2024-04-24,Active
P000150,C00137,Protection,2024-03-04,Active
P000151,C00400,GIA,2025-07-14,Active
P000152,C00505,ISA,2025-06-01,Active
P000153,C00500,GIA,2024-07-26,Lapsed
P000154,C00573,Protection,2025-08-09,Lapsed
P000155,C00138,Mortgage,2025-07-03,Active
P000156,C00050,ISA,2024-06-02,Active
P000157,C00254,ISA,2024-06-17,Active
P000158,C00563,Protection,2024-12-01,Lapsed
P000159,C00426,GIA,2025-06-16,Active
P000160,C00547,SIPP,2025-03-28,Active
P000161,C00302,Mortgage,2024-04-29,Active
P000162,C00581,ISA,2025-11-27,Active
P000163,C00349,SIPP,2024-07-29,Active
P000164,C00049,ISA,2025-08-20,Lapsed
P000165,C00074,GIA,2025-05-15,Active
P000166,C00261,Protection,2024-04-03,Active
P000167,C00356,GIA,2025-06-06,Active
P000168,C00582,Mortgage,2025-04-01,Active
P000169,C00260,SIPP,2024-02-26,Lapsed
P000170,C00295,GIA,2025-04-09,Active
P000171,C00313,ISA,2024-05-15,Lapsed
P000172,C00182,GIA,2025-06-09,Active
P000173,C00364,GIA,2025-03-01,Active
P000174,C00188,ISA,2025-04-12,Lapsed
P000175,C00569,GIA,2025-07-31,Active
P000176,C00543,GIA,2024-02-29,Lapsed
P000177,C00596,Protection,2025-07-26,Active
P000178,C00548,SIPP,2025-04-18,Lapsed
P000179,C00408,Protection,2025-11-19,Active
P000180,C00414,ISA,2024-11-11,Active
P000181,C00342,ISA,2024-01-23,Lapsed
P000182,C00220,SIPP,2025-02-09,Lapsed
P000183,C00163,GIA,2024-09-17,Lapsed
P000184,C00220,ISA,2024-01-04,Lapsed
P000185,C00270,Protection,2024-08-11,Lapsed
P000186,C00400,Protection,2025-08-15,Active
P000187,C00182,SIPP,2024-03-15,Active
P000188,C00205,ISA,2024-02-16,Active
P000189,C00582,Protection,2025-03-09,Active
P000190,C00556,SIPP,2024-12-18,Active
P000191,C00228,Protection,2025-12-18,Active
P000192,C00596,Protection,2024-03-06,Active
P000193,C00250,Protection,2025-07-08,Active
P000194,C00441,SIPP,2024-03-02,Active
P000195,C00533,ISA,2024-03-11,Active
P000196,C00196,SIPP,2025-04-28,Active
P000197,C00519,SIPP,2024-02-02,Lapsed
P000198,C00070,Protection,2024-10-20,Active
P000199,C00399,ISA,2025-02-22,Active
P000200,C00203,ISA,2024-07-03,Active
P000201,C00148,Protection,2024-05-18,Active
P000202,C00472,Protection,2025-10-18,Active
P000203,C00199,Mortgage,2025-10-23,Active
P000204,C00426,Protection,2025-03-06,Active
P000205,C00492,SIPP,2025-01-18,Active
P000206,C00142,SIPP,2025-01-26,Active
P000207,C00313,Protection,2025-04-04,Lapsed
P000208,C00165,SIPP,2025-01-21,Lapsed
P000209,C00314,SIPP,2025-01-19,Active
P000210,C00021,ISA,2024-03-23,Active
P000211,C00082,GIA,2025-11-30,Active
P000212,C00581,Protection,2025-11-08,Active
P000213,C00131,GIA,2025-07-06,Lapsed
P000214,C00599,ISA,2024-05-16,Active
P000215,C00305,GIA,2025-10-31,Lapsed
P000216,C00371,ISA,2024-12-22,Active
P000217,C00384,ISA,2024-05-01,Lapsed
P000218,C00445,GIA,2024-07-01,Active
P000219,C00425,Mortgage,2025-07-04,Lapsed
P000220,C00161,SIPP,2025-02-06,Active
P000221,C00178,ISA,2025-06-25,Active
P000222,C00490,ISA,2024-05-10,Active
P000223,C00327,SIPP,2024-08-16,Active
P000224,C00598,GIA,2024-01-04,Lapsed
P000225,C00289,Protection,2024-01-24,Lapsed
P000226,C00593,SIPP,2024-11-01,Lapsed
P000227,C00573,Protection,2025-04-19,Active
P000228,C00573,GIA,2025-11-20,Lapsed
P000229,C00354,SIPP,2025-07-11,Active
P000230,C00028,GIA,2025-03-10,Active
P000231,C00043,Mortgage,2025-06-28,Active
P000232,C00423,SIPP,2025-01-23,Active
P000233,C00598,GIA,2024-08-23,Active
P000234,C00177,GIA,2024-09-10,Active
P000235,C00529,ISA,2025-04-16,Active
P000236,C00494,SIPP,2024-12-20,Lapsed
P000237,C00198,ISA,2024-06-07,Active
P000238,C00577,SIPP,2024-10-09,Active
P000239,C00517,GIA,2024-07-12,Active
P000240,C00514,SIPP,2024-04-25,Active
P000241,C00022,Protection,2024-02-02,Active
P000242,C00112,Protection,2025-11-07,Active
P000243,C00057,Protection,2025-03-05,Active
P000244,C00066,ISA,2025-09-21,Active
P000245,C00098,ISA,2024-01-17,Active
P000246,C00144,SIPP,2024-09-03,Lapsed
P000247,C00435,GIA,2024-07-30,Active
P000248,C00086,GIA,2024-03-09,Active
P000249,C00588,ISA,2024-04-13,Lapsed
P000250,C00344,GIA,2025-08-31,Active
P000251,C00294,ISA,2024-02-04,Active
P000252,C00571,Protection,2025-04-02,Lapsed
P000253,C00243,ISA,2025-09-04,Active
P000254,C00561,SIPP,2025-11-19,Active
P000255,C00032,ISA,2025-12-21,Active
P000256,C00391,SIPP,2024-02-19,Active
P000257,C00277,GIA,2024-09-07,Active
P000258,C00532,Protection,2024-02-15,Active
P000259,C00154,Protection,2025-02-15,Active
P000260,C00383,GIA,2025-03-25,Active
P000261,C00068,Mortgage,2024-08-27,Active
P000262,C00214,Mortgage,2025-07-06,Active
P000263,C00376,Protection,2024-08-10,Active
P000264,C00213,Protection,2024-02-27,Active
P000265,C00079,ISA,2024-05-23,Active
P000266,C00381,SIPP,2025-05-30,Lapsed
P000267,C00058,ISA,2024-10-23,Active
P000268,C00026,ISA,2024-08-27,Active
P000269,C00447,Mortgage,2025-08-12,Active
P000270,C00066,GIA,2024-11-22,Active
P000271,C00254,Protection,2025-08-14,Lapsed
P000272,C00044,Protection,2025-09-04,Active
P000273,C00097,Protection,2025-11-19,Lapsed
P000274,C00554,Mortgage,2024-11-24,Active
P000275,C00227,ISA,2024-08-30,Active
P000276,C00436,ISA,2024-11-05,Active
P000277,C00379,GIA,2024-05-26,Lapsed
P000278,C00178,ISA,2025-11-07,Active
P000279,C00427,ISA,2025-06-17,Active
P000280,C00307,GIA,2024-08-14,Active
P000281,C00504,Protection,2025-02-27,Active
P000282,C00268,SIPP,2024-11-03,Lapsed
P000283,C00586,GIA,2024-10-08,Active
P000284,C00008,SIPP,2024-03-03,Active
P000285,C00508,ISA,2025-07-24,Lapsed
P000286,C00476,ISA,2025-08-28,Active
P000287,C00297,Protection,2024-06-28,Lapsed
P000288,C00164,SIPP,2025-10-03,Active
P000289,C00485,Protection,2025-11-26,Active
P000290,C00597,ISA,2025-03-13,Lapsed
P000291,C00072,Protection,2025-07-23,Active
P000292,C00567,SIPP,2025-05-22,Active
P000293,C00559,SIPP,2024-02-18,Active
P000294,C00238,SIPP,2024-12-18,Active
P000295,C00104,Protection,2025-10-20,Active
P000296,C00210,SIPP,2025-11-18,Lapsed
P000297,C00554,SIPP,2025-01-25,Active
P000298,C00468,Mortgage,2025-06-21,Active
P000299,C00454,Protection,2024-11-22,Lapsed
P000300,C00268,GIA,2025-12-14,Active
P000301,C00386,Protection,2025-03-02,Active
P000302,C00387,GIA,2025-02-22,Active
P000303,C00259,ISA,2024-06-01,Lapsed
P000304,C00283,SIPP,2024-11-03,Active
P000305,C00040,Mortgage,2025-01-20,Lapsed
P000306,C00486,Mortgage,2024-07-07,Lapsed
P000307,C00220,GIA,2025-07-04,Active
P000308,C00129,SIPP,2025-04-29,Active
P000309,C00520,ISA,2024-09-03,Lapsed
P000310,C00260,Mortgage,2024-08-18,Active
P000311,C00366,Mortgage,2024-11-03,Lapsed
P000312,C00544,SIPP,2025-12-25,Lapsed
P000313,C00524,Protection,2024-05-27,Active
P000314,C00016,Protection,2025-04-19,Active
P000315,C00129,SIPP,2024-02-29,Lapsed
P000316,C00575,ISA,2025-07-29,Lapsed
P000317,C00109,GIA,2025-02-26,Active
P000318,C00533,SIPP,2025-03-02,Active
P000319,C00269,SIPP,2025-07-24,Active
P000320,C00162,GIA,2025-06-26,Active
P000321,C00260,Mortgage,2024-05-17,Active
P000322,C00102,ISA,2025-02-01,Active
P000323,C00506,SIPP,2024-09-05,Active
P000324,C00571,SIPP,2024-09-18,Active
P000325,C00247,SIPP,2024-07-27,Active
P000326,C00537,SIPP,2024-12-04,Active
P000327,C00131,GIA,2025-10-24,Active
P000328,C00353,ISA,2024-03-21,Active
P000329,C00196,SIPP,2025-04-05,Active
P000330,C00382,SIPP,2025-01-14,Active
P000331,C00227,ISA,2024-04-04,Active
P000332,C00476,Protection,2025-07-02,Active
P000333,C00477,GIA,2024-07-14,Lapsed
P000334,C00265,SIPP,2024-02-22,Active
P000335,C00372,Protection,2024-10-01,Lapsed
P000336,C00486,ISA,2025-01-21,Active
P000337,C00434,ISA,2025-11-20,Active
P000338,C00211,Protection,2025-09-11,Lapsed
P000339,C00572,SIPP,2025-09-09,Active
P000340,C00377,SIPP,2024-02-10,Active
P000341,C00395,Protection,2024-03-15,Active
P000342,C00450,Protection,2024-07-11,Active
P000343,C00364,Mortgage,2025-08-24,Active
P000344,C00457,SIPP,2025-11-18,Active
P000345,C00226,GIA,2025-07-26,Active
P000346,C00131,GIA,2024-08-10,Active
P000347,C00588,ISA,2025-05-05,Lapsed
P000348,C00476,SIPP,2024-08-01,Active
P000349,C00277,GIA,2024-12-06,Active
P000350,C00156,Mortgage,2024-11-06,Lapsed
P000351,C00218,SIPP,2024-01-16,Active
P000352,C00190,SIPP,2024-08-04,Active
P000353,C00417,GIA,2024-07-13,Active
P000354,C00546,ISA,2024-04-30,Active
P000355,C00041,ISA,2025-05-05,Active
P000356,C00307,GIA,2024-09-05,Lapsed
P000357,C00338,ISA,2025-12-13,Lapsed
P000358,C00314,SIPP,2025-09-10,Active
P000359,C00075,Protection,2025-12-21,Active
P000360,C00279,Protection,2024-07-28,Active
P000361,C00176,SIPP,2025-02-10,Active
P000362,C00273,ISA,2024-09-02,Lapsed
P000363,C00289,Protection,2025-07-19,Active
P000364,C00272,Protection,2024-11-25,Active
P000365,C00066,ISA,2024-10-16,Lapsed
P000366,C00483,Protection,2025-01-24,Active
P000367,C00248,GIA,2025-04-22,Active
P000368,C00156,Protection,2025-06-30,Active
P000369,C00047,Mortgage,2025-10-26,Lapsed
P000370,C00454,ISA,2025-01-02,Active
P000371,C00201,Protection,2024-11-11,Lapsed
P000372,C00124,SIPP,2024-09-24,Active
P000373,C00001,Mortgage,2025-01-03,Lapsed
P000374,C00191,GIA,2025-06-09,Lapsed
P000375,C00579,Protection,2025-05-24,Active
P000376,C00516,ISA,2025-04-22,Active
P000377,C00442,GIA,2024-04-10,Active
P000378,C00143,ISA,2025-04-25,Active
P000379,C00191,Mortgage,2024-11-23,Active
P000380,C00533,Protection,2024-07-27,Active
P000381,C00227,Protection,2025-01-14,Active
P000382,C00313,Mortgage,2024-11-16,Active
P000383,C00302,ISA,2025-02-27,Active
P000384,C00460,GIA,2024-02-16,Active
P000385,C00401,ISA,2025-07-30,Active
P000386,C00551,ISA,2024-08-14,Lapsed
P000387,C00393,ISA,2024-05-29,Active
P000388,C00207,GIA,2024-01-17,Active
P000389,C00210,GIA,2024-09-24,Lapsed
P000390,C00115,ISA,2025-07-20,Active
P000391,C00251,ISA,2025-08-21,Lapsed
P000392,C00219,ISA,2025-08-16,Active
P000393,C00407,Mortgage,2025-03-03,Active
P000394,C00443,Protection,2024-10-29,Active
P000395,C00354,Mortgage,2024-06-05,Active
P000396,C00558,GIA,2024-07-19,Active
P000397,C00550,GIA,2024-12-03,Active
P000398,C00142,Protection,2024-08-23,Active
P000399,C00501,GIA,2025-01-23,Active
P000400,C00547,GIA,2025-08-06,Active
P000401,C00542,ISA,2024-09-08,Active
P000402,C00507,ISA,2025-05-26,Active
P000403,C00596,GIA,2025-07-17,Active
P000404,C00281,GIA,2025-11-01,Lapsed
P000405,C00424,SIPP,2025-12-02,Active
P000406,C00270,ISA,2024-12-11,Lapsed
P000407,C00154,ISA,2024-09-20,Lapsed
P000408,C00083,Protection,2025-05-15,Active
P000409,C00426,ISA,2025-10-19,Active
P000410,C00275,GIA,2025-05-17,Active
P000411,C00284,Protection,2025-04-16,Active
P000412,C00173,ISA,2024-06-21,Active
P000413,C00327,ISA,2024-12-26,Active
P000414,C00063,GIA,2024-06-22,Active
P000415,C00073,GIA,2024-05-23,Active
P000416,C00375,SIPP,2025-07-13,Active
P000417,C00508,Protection,2025-05-15,Active
P000418,C00398,ISA,2024-07-07,Lapsed
P000419,C00120,SIPP,2025-07-09,Active
P000420,C00437,SIPP,2025-10-19,Active
P000421,C00465,ISA,2024-03-01,Active
P000422,C00286,SIPP,2025-06-20,Active
P000423,C00265,GIA,2024-02-04,Active
P000424,C00320,GIA,2024-03-17,Active
P000425,C00376,ISA,2025-11-15,Active
P000426,C00089,GIA,2024-02-19,Active
P000427,C00203,GIA,2024-01-07,Lapsed
P000428,C00334,Protection,2025-02-26,Lapsed
P000429,C00222,ISA,2024-05-20,Active
P000430,C00041,GIA,2025-10-07,Active
P000431,C00068,GIA,2024-08-24,Active
P000432,C00514,Protection,2024-03-10,Active
P000433,C00598,SIPP,2025-12-25,Active
P000434,C00127,SIPP,2024-06-03,Active
P000435,C00255,Protection,2024-01-10,Lapsed
P000436,C00016,Protection,2024-08-11,Active
P000437,C00477,GIA,2025-06-01,Active
P000438,C00062,SIPP,2025-04-11,Active
P000439,C00432,Protection,2025-01-17,Active
P000440,C00268,Mortgage,2024-03-02,Active
P000441,C00035,Protection,2025-09-24,Lapsed
P000442,C00576,GIA,2025-10-15,Active
P000443,C00494,ISA,2025-11-13,Active
P000444,C00562,GIA,2025-09-23,Active
P000445,C00469,Protection,2025-05-09,Active
P000446,C00325,GIA,2025-11-06,Active
P000447,C00304,GIA,2025-05-14,Active
P000448,C00276,Protection,2024-01-17,Active
P000449,C00201,GIA,2024-01-07,Lapsed
P000450,C00445,Protection,2025-06-28,Active
P000451,C00324,GIA,2025-07-18,Active
P000452,C00035,GIA,2025-02-25,Active
P000453,C00482,GIA,2024-01-13,Lapsed
P000454,C00480,Protection,2024-01-18,Active
P000455,C00065,ISA,2025-06-26,Active
P000456,C00008,ISA,2024-10-08,Active
P000457,C00301,Mortgage,2025-07-02,Active
P000458,C00343,ISA,2024-10-20,Active
P000459,C00431,SIPP,2024-01-18,Lapsed
P000460,C00424,SIPP,2025-05-29,Active
P000461,C00332,GIA,2025-12-15,Active
P000462,C00438,SIPP,2025-11-21,Active
P000463,C00588,ISA,2025-03-16,Lapsed
P000464,C00174,SIPP,2024-07-02,Active
P000465,C00559,GIA,2024-04-19,Active
P000466,C00527,SIPP,2024-04-08,Active
P000467,C00026,ISA,2025-06-20,Active
P000468,C00406,SIPP,2024-06-01,Active
P000469,C00232,ISA,2024-09-03,Active
P000470,C00533,GIA,2024-07-15,Active
P000471,C00550,ISA,2025-09-26,Active
P000472,C00505,ISA,2025-06-23,Active
P000473,C00179,Protection,2024-09-15,Active
P000474,C00132,GIA,2024-12-28,Active
P000475,C00455,Mortgage,2024-09-30,Lapsed
P000476,C00348,Mortgage,2025-02-10,Lapsed
P000477,C00540,SIPP,2024-03-21,Lapsed
P000478,C00406,ISA,2025-01-17,Lapsed
P000479,C00076,GIA,2025-02-19,Active
P000480,C00579,Protection,2025-04-15,Active
P000481,C00492,GIA,2025-08-01,Active
P000482,C00194,ISA,2024-09-06,Active
P000483,C00162,SIPP,2025-12-14,Active
P000484,C00347,Protection,2024-08-19,Active
P000485,C00361,Protection,2024-11-03,Lapsed
P000486,C00584,ISA,2025-12-01,Active
P000487,C00087,SIPP,2024-03-23,Active
P000488,C00262,ISA,2025-10-31,Lapsed
P000489,C00214,ISA,2025-10-27,Active
P000490,C00573,Protection,2024-02-02,Active
P000491,C00262,ISA,2024-04-05,Lapsed
P000492,C00283,GIA,2025-02-19,Active
P000493,C00467,ISA,2025-01-23,Active
P000494,C00380,Protection,2025-01-21,Active
P000495,C00362,Protection,2025-07-19,Active
P000496,C00449,SIPP,2025-05-02,Lapsed
P000497,C00441,Protection,2024-02-27,Active
P000498,C00093,ISA,2025-10-14,Active
P000499,C00424,GIA,2024-01-10,Active
P000500,C00142,GIA,2025-12-20,Active
P000501,C00291,ISA,2024-06-24,Lapsed
P000502,C00432,GIA,2024-03-25,Active
P000503,C00049,Mortgage,2025-05-26,Active
P000504,C00302,ISA,2025-03-20,Active
P000505,C00190,GIA,2025-10-22,Active
P000506,C00136,ISA,2024-12-05,Lapsed
P000507,C00555,ISA,2025-08-02,Active
P000508,C00404,Mortgage,2024-04-07,Active
P000509,C00341,GIA,2025-06-24,Active
P000510,C00318,GIA,2024-02-13,Lapsed
P000511,C00363,Protection,2024-08-23,Active
P000512,C00382,ISA,2024-08-04,Lapsed
P000513,C00233,GIA,2025-12-09,Active
P000514,C00344,GIA,2025-08-03,Lapsed
P000515,C00549,SIPP,2025-05-01,Active
P000516,C00553,Mortgage,2024-10-04,Active
P000517,C00529,Protection,2024-02-17,Active
P000518,C00571,GIA,2024-03-17,Active
P000519,C00183,Protection,2025-12-01,Lapsed
P000520,C00041,ISA,2024-10-14,Lapsed
P000521,C00551,ISA,2025-07-10,Active
P000522,C00397,ISA,2025-07-31,Active
P000523,C00494,GIA,2025-11-04,Active
P000524,C00333,SIPP,2024-02-03,Lapsed
P000525,C00127,SIPP,2024-07-02,Active
P000526,C00558,Mortgage,2024-11-18,Active
P000527,C00557,SIPP,2024-01-17,Active
P000528,C00001,SIPP,2024-07-31,Active
P000529,C00168,ISA,2025-08-24,Active
P000530,C00019,ISA,2024-05-27,Active
P000531,C00332,SIPP,2025-12-30,Active
P000532,C00584,GIA,2025-02-11,Lapsed
P000533,C00456,Protection,2024-03-19,Active
P000534,C00109,ISA,2024-11-02,Active
P000535,C00268,ISA,2024-06-15,Active
P000536,C00445,GIA,2025-07-31,Lapsed
P000537,C00240,ISA,2024-09-03,Active
P000538,C00301,ISA,2025-08-03,Active
P000539,C00103,Protection,2025-02-02,Active
P000540,C00250,ISA,2025-11-24,Active
P000541,C00453,SIPP,2025-07-07,Active
P000542,C00520,GIA,2024-12-05,Lapsed
P000543,C00153,ISA,2025-01-28,Lapsed
P000544,C00174,GIA,2024-05-23,Active
P000545,C00343,Protection,2025-12-06,Active
P000546,C00431,GIA,2024-03-21,Lapsed
P000547,C00324,Protection,2025-05-27,Active
P000548,C00420,ISA,2024-12-20,Lapsed
P000549,C00594,Protection,2024-02-24,Active
P000550,C00485,ISA,2024-04-10,Lapsed
P000551,C00412,SIPP,2025-03-23,Lapsed
P000552,C00084,SIPP,2024-08-25,Lapsed
P000553,C00113,Mortgage,2024-03-18,Active
P000554,C00332,GIA,2024-12-14,Active
P000555,C00378,ISA,2025-09-11,Lapsed
P000556,C00041,ISA,2025-09-20,Active
P000557,C00105,Protection,2025-09-01,Active
P000558,C00202,SIPP,2025-02-10,Active
P000559,C00450,Protection,2024-11-30,Lapsed
P000560,C00266,ISA,2024-01-31,Lapsed
P000561,C00210,GIA,2025-10-11,Active
P000562,C00563,ISA,2024-10-06,Lapsed
P000563,C00118,Mortgage,2025-04-06,Active
P000564,C00377,SIPP,2025-05-17,Active
P000565,C00551,Mortgage,2024-08-21,Active
P000566,C00540,GIA,2024-12-30,Active
P000567,C00084,SIPP,2025-07-20,Active
P000568,C00454,SIPP,2025-01-19,Lapsed
P000569,C00514,GIA,2025-03-18,Active
P000570,C00387,Protection,2024-07-09,Active
P000571,C00350,Mortgage,2025-11-27,Lapsed
P000572,C00296,Protection,2025-08-22,Active
P000573,C00258,Protection,2025-11-07,Lapsed
P000574,C00081,GIA,2025-01-24,Active
P000575,C00268,GIA,2024-03-28,Lapsed
P000576,C00419,Mortgage,2025-09-25,Active
P000577,C00235,ISA,2024-10-29,Lapsed
P000578,C00311,Protection,2024-09-09,Active
P000579,C00357,Protection,2025-12-31,Active
P000580,C00213,SIPP,2024-03-16,Lapsed
P000581,C00574,Mortgage,2024-03-25,Active
P000582,C00049,GIA,2024-10-01,Active
P000583,C00127,GIA,2024-06-06,Active
P000584,C00223,ISA,2025-01-24,Active
P000585,C00279,GIA,2025-12-29,Active
P000586,C00408,GIA,2025-10-11,Active
P000587,C00505,GIA,2024-06-06,Active
P000588,C00294,Protection,2025-02-02,Active
P000589,C00277,Mortgage,2024-11-20,Active
P000590,C00438,ISA,2025-01-04,Active
P000591,C00107,GIA,2024-04-19,Active
P000592,C00420,Mortgage,2024-04-03,Active
P000593,C00429,ISA,2024-01-06,Active
P000594,C00375,ISA,2024-11-11,Lapsed
P000595,C00073,ISA,2025-03-31,Active
P000596,C00030,SIPP,2025-01-03,Active
P000597,C00188,ISA,2024-10-03,Active
P000598,C00364,Mortgage,2024-04-14,Active
P000599,C00451,GIA,2024-05-15,Active
P000600,C00195,SIPP,2024-03-30,Active
P000601,C00156,ISA,2024-07-10,Active
P000602,C00172,GIA,2025-03-17,Active
P000603,C00041,SIPP,2025-04-04,Active
P000604,C00063,Protection,2025-07-24,Active
P000605,C00023,Protection,2025-07-22,Active
P000606,C00360,SIPP,2025-06-08,Active
P000607,C00075,Mortgage,2025-02-21,Lapsed
P000608,C00560,Protection,2024-04-15,Active
P000609,C00118,Protection,2024-01-27,Active
P000610,C00380,ISA,2024-04-01,Lapsed
P000611,C00290,ISA,2024-12-28,Active
P000612,C00440,ISA,2025-07-21,Active
P000613,C00007,SIPP,2024-04-05,Lapsed
P000614,C00196,GIA,2025-09-03,Lapsed
P000615,C00421,GIA,2025-09-04,Active
P000616,C00568,Protection,2024-11-28,Active
P000617,C00193,Protection,2025-01-29,Active
P000618,C00559,Mortgage,2024-01-13,Lapsed
P000619,C00148,GIA,2024-10-25,Active
P000620,C00202,SIPP,2025-02-27,Active
P000621,C00444,GIA,2025-02-01,Lapsed
P000622,C00419,ISA,2024-03-27,Active
P000623,C00427,ISA,2025-07-26,Active
P000624,C00479,GIA,2024-09-05,Active
P000625,C00475,GIA,2025-08-08,Active
P000626,C00126,Protection,2025-06-17,Lapsed
P000627,C00395,ISA,2024-06-22,Active
P000628,C00576,Protection,2025-12-02,Lapsed
P000629,C00325,SIPP,2025-01-24,Active
P000630,C00392,GIA,2024-06-22,Active
P000631,C00440,GIA,2024-05-22,Lapsed
P000632,C00204,GIA,2024-10-02,Active
P000633,C00486,SIPP,2024-11-04,Active
P000634,C00031,GIA,2024-10-01,Active
P000635,C00388,ISA,2025-05-19,Lapsed
P000636,C00434,ISA,2024-05-29,Active
P000637,C00376,SIPP,2024-03-05,Active
P000638,C00344,Mortgage,2024-06-20,Active
P000639,C00443,GIA,2025-03-21,Active
P000640,C00579,Protection,2024-10-09,Lapsed
P000641,C00075,SIPP,2025-03-07,Active
P000642,C00557,Mortgage,2024-11-02,Active
P000643,C00155,Protection,2025-05-10,Active
P000644,C00430,SIPP,2024-03-19,Active
P000645,C00363,SIPP,2025-01-04,Lapsed
P000646,C00448,Protection,2024-09-14,Active
P000647,C00234,GIA,2024-09-09,Lapsed
P000648,C00563,GIA,2025-10-02,Active
P000649,C00262,ISA,2025-05-22,Active
P000650,C00125,Protection,2025-08-31,Lapsed
P000651,C00245,Protection,2025-09-23,Active
P000652,C00542,ISA,2024-07-19,Active
P000653,C00485,SIPP,2025-04-13,Lapsed
P000654,C00122,GIA,2024-04-19,Active
P000655,C00125,ISA,2024-05-18,Active
P000656,C00549,Mortgage,2024-11-07,Active
P000657,C00170,ISA,2024-01-07,Active
P000658,C00124,ISA,2025-02-09,Active
P000659,C00035,SIPP,2024-12-06,Active
P000660,C00087,Protection,2025-09-27,Active
P000661,C00201,ISA,2025-01-24,Lapsed
P000662,C00369,SIPP,2024-12-03,Active
P000663,C00077,SIPP,2025-03-26,Active
P000664,C00059,ISA,2024-12-08,Active
P000665,C00431,ISA,2025-03-16,Active
P000666,C00500,SIPP,2025-10-28,Active
P000667,C00109,GIA,2025-08-31,Lapsed
P000668,C00278,Mortgage,2024-05-19,Active
P000669,C00068,Protection,2024-11-03,Lapsed
P000670,C00069,Mortgage,2024-11-24,Lapsed
P000671,C00165,GIA,2025-09-09,Active
P000672,C00489,Mortgage,2025-12-12,Active
P000673,C00305,GIA,2024-07-24,Active
P000674,C00365,GIA,2025-05-05,Active
P000675,C00379,ISA,2024-11-17,Lapsed
P000676,C00343,ISA,2024-06-30,Lapsed
P000677,C00554,SIPP,2025-02-11,Active
P000678,C00354,GIA,2024-11-22,Active
P000679,C00416,ISA,2024-10-25,Lapsed
P000680,C00109,SIPP,2025-12-12,Lapsed
P000681,C00563,GIA,2025-10-10,Active
P000682,C00497,SIPP,2025-05-17,Active
P000683,C00341,GIA,2025-08-12,Active
P000684,C00383,Protection,2024-09-05,Lapsed
P000685,C00533,Protection,2024-11-29,Active
P000686,C00300,GIA,2025-01-20,Active
P000687,C00139,GIA,2024-10-14,Active
P000688,C00359,GIA,2025-02-06,Active
P000689,C00499,Protection,2025-01-08,Active
P000690,C00385,GIA,2024-04-26,Lapsed
P000691,C00280,ISA,2025-07-31,Active
P000692,C00483,ISA,2024-07-23,Active
P000693,C00111,GIA,2025-08-29,Active
P000694,C00139,GIA,2025-07-12,Active
P000695,C00435,Protection,2024-07-03,Active
P000696,C00509,ISA,2025-11-29,Active
P000697,C00273,GIA,2025-07-17,Active
P000698,C00099,Protection,2024-01-28,Active
P000699,C00104,Protection,2025-04-17,Active
P000700,C00214,GIA,2025-12-26,Active
P000701,C00165,GIA,2024-08-02,Lapsed
P000702,C00520,GIA,2025-03-24,Lapsed
P000703,C00284,Mortgage,2024-10-25,Active
P000704,C00517,ISA,2025-12-10,Active
P000705,C00164,Mortgage,2024-03-11,Lapsed
P000706,C00064,SIPP,2025-02-22,Active
P000707,C00091,SIPP,2025-11-20,Lapsed
P000708,C00117,ISA,2025-05-26,Lapsed
P000709,C00267,GIA,2024-05-22,Active
P000710,C00559,GIA,2025-10-10,Active
P000711,C00140,ISA,2024-11-06,Lapsed
P000712,C00246,SIPP,2024-09-04,Active
P000713,C00395,Mortgage,2024-09-15,Active
P000714,C00487,SIPP,2025-11-05,Active
P000715,C00476,Protection,2024-06-06,Active
P000716,C00517,ISA,2025-03-09,Active
P000717,C00184,GIA,2025-01-21,Active
P000718,C00020,ISA,2024-03-16,Lapsed
P000719,C00558,SIPP,2025-04-04,Active
P000720,C00524,Mortgage,2025-09-04,Active
P000721,C00582,SIPP,2025-05-05,Active
P000722,C00529,ISA,2025-08-19,Active
P000723,C00147,GIA,2025-02-14,Active
P000724,C00304,SIPP,2025-07-01,Lapsed
P000725,C00582,GIA,2025-06-02,Lapsed
P000726,C00228,Protection,2025-12-09,Active
P000727,C00102,Protection,2025-03-04,Active
P000728,C00587,SIPP,2025-07-10,Active
P000729,C00417,GIA,2024-02-07,Active
P000730,C00216,GIA,2025-01-03,Active
P000731,C00407,ISA,2025-12-19,Active
P000732,C00399,GIA,2025-07-03,Lapsed
P000733,C00499,GIA,2025-08-31,Active
P000734,C00465,SIPP,2025-10-15,Active
P000735,C00082,SIPP,2024-03-28,Lapsed
P000736,C00365,ISA,2024-04-21,Active
P000737,C00163,GIA,2024-09-11,Active
P000738,C00048,ISA,2025-11-04,Active
P000739,C00511,ISA,2025-11-11,Active
P000740,C00329,Protection,2024-12-29,Lapsed
P000741,C00116,ISA,2024-06-19,Active
P000742,C00337,GIA,2025-10-24,Lapsed
P000743,C00147,ISA,2025-09-19,Active
P000744,C00575,Protection,2024-02-15,Active
P000745,C00323,SIPP,2025-07-30,Lapsed
P000746,C00443,ISA,2025-10-22,Active
P000747,C00013,SIPP,2025-11-24,Active
P000748,C00494,Protection,2025-10-24,Active
P000749,C00287,Mortgage,2025-02-13,Active
P000750,C00114,ISA,2024-12-05,Active
P000751,C00480,Protection,2025-03-16,Active
P000752,C00022,Mortgage,2024-04-18,Active
P000753,C00349,Mortgage,2024-01-11,Active
P000754,C00566,SIPP,2024-04-10,Lapsed
P000755,C00320,SIPP,2024-09-21,Active
P000756,C00126,GIA,2024-08-15,Lapsed
P000757,C00277,Protection,2025-06-06,Active
P000758,C00204,SIPP,2025-06-15,Active
P000759,C00194,SIPP,2025-07-25,Lapsed
P000760,C00547,GIA,2025-08-17,Active
P000761,C00286,Protection,2025-12-05,Active
P000762,C00057,Protection,2025-08-12,Active
P000763,C00303,ISA,2024-08-14,Active
P000764,C00163,Protection,2025-04-01,Active
P000765,C00019,SIPP,2025-01-18,Active
P000766,C00370,Protection,2025-02-04,Lapsed
P000767,C00264,GIA,2025-04-19,Active
P000768,C00113,GIA,2025-11-26,Lapsed
P000769,C00488,Mortgage,2025-08-25,Lapsed
P000770,C00327,GIA,2025-12-08,Active
P000771,C00542,Protection,2025-05-27,Active
P000772,C00579,GIA,2024-06-03,Lapsed
P000773,C00065,SIPP,2024-12-19,Lapsed
P000774,C00292,GIA,2024-01-26,Active
P000775,C00025,SIPP,2025-05-09,Active
P000776,C00549,GIA,2024-04-17,Active
P000777,C00001,ISA,2024-10-29,Active
P000778,C00549,GIA,2025-03-01,Active
P000779,C00141,ISA,2024-03-28,Active
P000780,C00188,Mortgage,2024-04-28,Active
P000781,C00128,Mortgage,2024-05-25,Active
P000782,C00201,GIA,2024-12-22,Active
P000783,C00127,Protection,2024-11-15,Active
P000784,C00257,GIA,2024-12-17,Active
P000785,C00547,SIPP,2025-04-11,Active
P000786,C00194,Protection,2024-07-30,Active
P000787,C00104,Mortgage,2025-06-17,Active
P000788,C00535,GIA,2025-05-09,Active
P000789,C00265,Protection,2024-12-22,Lapsed
P000790,C00384,GIA,2025-05-02,Active
P000791,C00260,Mortgage,2024-04-09,Active
P000792,C00414,ISA,2025-03-24,Active
P000793,C00358,SIPP,2025-12-14,Lapsed
P000794,C00075,SIPP,2025-04-08,Active
P000795,C00355,SIPP,2024-11-22,Active
P000796,C00584,ISA,2024-03-09,Active
P000797,C00188,Mortgage,2024-11-03,Active
P000798,C00290,ISA,2024-02-15,Active
P000799,C00045,SIPP,2025-12-28,Active
P000800,C00573,ISA,2024-04-27,Active
P000801,C00083,GIA,2024-01-24,Active
P000802,C00123,SIPP,2024-12-17,Active
P000803,C00358,GIA,2025-10-25,Active
P000804,C00528,ISA,2024-04-21,Lapsed
P000805,C00066,ISA,2025-11-24,Active
P000806,C00375,GIA,2024-06-17,Lapsed
P000807,C00162,Protection,2024-09-06,Active
P000808,C00380,Protection,2025-06-12,Active
P000809,C00358,ISA,2024-06-27,Active
P000810,C00188,GIA,2025-07-19,Lapsed
P000811,C00322,ISA,2024-06-12,Active
P000812,C00450,ISA,2024-12-04,Active
P000813,C00474,SIPP,2025-07-27,Active
P000814,C00013,SIPP,2025-03-12,Active
P000815,C00184,ISA,2025-04-18,Active
P000816,C00111,ISA,2024-08-25,Active
P000817,C00508,ISA,2025-02-18,Active
P000818,C00290,Protection,2025-10-06,Active
P000819,C00295,Mortgage,2024-07-07,Active
P000820,C00451,ISA,2024-07-09,Active
P000821,C00215,ISA,2025-10-17,Active
P000822,C00567,Protection,2025-11-04,Active
P000823,C00027,Mortgage,2025-03-18,Active
P000824,C00231,GIA,2025-02-09,Active
P000825,C00565,ISA,2024-01-30,Lapsed
P000826,C00321,ISA,2025-09-20,Lapsed
P000827,C00233,SIPP,2024-07-21,Lapsed
P000828,C00437,GIA,2025-04-05,Active
P000829,C00533,ISA,2025-08-29,Active
P000830,C00403,SIPP,2025-03-15,Active
P000831,C00053,ISA,2025-02-02,Active
P000832,C00313,Protection,2024-01-05,Active
P000833,C00281,GIA,2025-12-22,Lapsed
P000834,C00031,ISA,2024-08-07,Lapsed
P000835,C00337,SIPP,2024-07-29,Lapsed
P000836,C00183,GIA,2024-10-12,Active
P000837,C00023,Mortgage,2025-12-21,Active
P000838,C00544,SIPP,2024-03-05,Active
P000839,C00446,GIA,2025-08-14,Active
P000840,C00074,Protection,2024-04-14,Active
P000841,C00010,GIA,2025-07-03,Active
P000842,C00484,Mortgage,2024-07-10,Active
P000843,C00456,GIA,2025-01-09,Active
P000844,C00566,SIPP,2024-11-29,Active
P000845,C00564,ISA,2024-07-20,Lapsed
P000846,C00160,GIA,2025-04-13,Active
P000847,C00014,Protection,2024-04-26,Lapsed
P000848,C00178,Protection,2024-09-25,Active
P000849,C00412,ISA,2025-11-17,Active
P000850,C00053,ISA,2025-05-16,Active
P000851,C00408,Protection,2025-06-24,Active
P000852,C00022,Mortgage,2025-10-16,Lapsed
P000853,C00030,ISA,2024-11-16,Active
P000854,C00260,GIA,2025-09-03,Active
P000855,C00205,GIA,2025-02-01,Active
P000856,C00059,Protection,2025-09-17,Lapsed
P000857,C00471,ISA,2025-02-05,Active
P000858,C00466,ISA,2025-08-24,Lapsed
P000859,C00012,Protection,2024-04-26,Active
P000860,C00290,ISA,2024-12-22,Active
P000861,C00354,GIA,2024-12-26,Active
P000862,C00075,GIA,2025-04-13,Active
P000863,C00561,GIA,2025-09-24,Active
P000864,C00591,GIA,2024-06-25,Lapsed
P000865,C00441,SIPP,2025-11-20,Active
P000866,C00241,ISA,2025-12-23,Active
P000867,C00154,SIPP,2024-10-31,Active
P000868,C00096,Protection,2025-09-21,Active
P000869,C00294,Protection,2025-08-27,Active
P000870,C00209,ISA,2024-03-27,Active
P000871,C00343,ISA,2025-11-19,Active
P000872,C00088,GIA,2024-05-17,Active
P000873,C00390,GIA,2024-11-16,Active
P000874,C00325,GIA,2024-04-30,Active
P000875,C00157,SIPP,2024-09-01,Active
P000876,C00577,ISA,2024-11-08,Active
P000877,C00137,ISA,2024-04-29,Active
P000878,C00428,GIA,2024-07-06,Lapsed
P000879,C00452,SIPP,2025-01-17,Lapsed
P000880,C00141,ISA,2025-12-11,Active
P000881,C00083,SIPP,2024-05-24,Active
P000882,C00177,GIA,2025-06-07,Lapsed
P000883,C00198,Protection,2025-02-01,Lapsed
P000884,C00568,Protection,2025-03-04,Lapsed
P000885,C00421,GIA,2025-09-02,Active
P000886,C00401,ISA,2024-05-21,Active
P000887,C00471,GIA,2025-08-11,Lapsed
P000888,C00218,ISA,2025-01-27,Active
P000889,C00175,SIPP,2025-03-09,Active
P000890,C00023,Protection,2024-07-09,Active
P000891,C00235,SIPP,2025-05-13,Active
P000892,C00013,Protection,2025-10-12,Active
P000893,C00101,GIA,2025-07-04,Active
P000894,C00536,ISA,2025-12-11,Active
P000895,C00523,Protection,2025-10-22,Active
P000896,C00452,GIA,2024-06-26,Active
P000897,C00431,SIPP,2025-07-22,Active
P000898,C00533,GIA,2024-06-19,Active
P000899,C00293,ISA,2025-05-16,Active
P000900,C00101,Mortgage,2024-10-22,Lapsed
P000901,C00502,ISA,2024-05-23,Active
P000902,C00304,Mortgage,2024-07-10,Active
P000903,C00540,Mortgage,2024-11-18,Active
P000904,C00553,Protection,2025-04-06,Lapsed
P000905,C00355,SIPP,2025-09-26,Active
P000906,C00303,SIPP,2024-02-24,Active
P000907,C00496,Protection,2025-01-02,Active
P000908,C00227,GIA,2024-01-10,Active
P000909,C00236,GIA,2025-05-11,Lapsed
P000910,C00455,SIPP,2024-05-19,Lapsed
P000911,C00013,GIA,2024-07-18,Active
P000912,C00210,GIA,2025-01-28,Active
P000913,C00397,GIA,2025-07-29,Active
P000914,C00100,SIPP,2025-06-01,Active
P000915,C00031,Protection,2025-10-30,Active
P000916,C00528,ISA,2025-05-21,Active
P000917,C00329,Mortgage,2025-02-22,Active
P000918,C00166,SIPP,2025-12-02,Active
P000919,C00459,Protection,2025-05-18,Lapsed
P000920,C00100,SIPP,2025-03-01,Active
P000921,C00173,Protection,2025-12-28,Lapsed
P000922,C00162,ISA,2025-03-30,Active
P000923,C00263,Protection,2025-05-15,Active
P000924,C00274,ISA,2024-06-20,Active
P000925,C00003,Protection,2024-03-25,Active
P000926,C00028,Mortgage,2025-08-01,Active
P000927,C00326,GIA,2024-02-01,Active
P000928,C00149,ISA,2024-08-13,Lapsed
P000929,C00540,Protection,2024-10-26,Active
P000930,C00488,GIA,2024-02-03,Active
P000931,C00438,Protection,2024-10-08,Lapsed
P000932,C00065,ISA,2024-08-18,Active
P000933,C00356,ISA,2025-07-04,Active
P000934,C00533,Mortgage,2024-10-22,Active
P000935,C00252,SIPP,2024-06-21,Lapsed
P000936,C00235,Protection,2025-04-13,Lapsed
P000937,C00227,GIA,2025-08-02,Lapsed
P000938,C00525,SIPP,2025-05-22,Active
P000939,C00313,SIPP,2025-07-16,Lapsed
P000940,C00049,SIPP,2025-06-07,Active
P000941,C00118,SIPP,2024-04-25,Active
P000942,C00054,SIPP,2025-08-09,Active
P000943,C00565,GIA,2024-04-26,Active
P000944,C00044,GIA,2024-10-01,Lapsed
P000945,C00053,Protection,2025-07-10,Lapsed
P000946,C00586,ISA,2025-01-10,Active
P000947,C00558,SIPP,2025-07-09,Active
P000948,C00525,ISA,2024-02-12,Active
P000949,C00102,SIPP,2025-03-27,Lapsed
P000950,C00398,Protection,2025-07-13,Active
P000951,C00138,ISA,2024-08-11,Active
P000952,C00387,ISA,2025-03-11,Active
P000953,C00111,ISA,2024-04-14,Active
P000954,C00017,SIPP,2025-10-31,Active
P000955,C00182,Protection,2024-09-10,Lapsed
P000956,C00536,ISA,2024-10-31,Active
P000957,C00541,Protection,2024-02-03,Active
P000958,C00171,GIA,2025-04-05,Active
P000959,C00409,GIA,2024-09-26,Active
P000960,C00378,Mortgage,2024-12-22,Lapsed
P000961,C00188,GIA,2024-03-30,Active
P000962,C00230,GIA,2025-03-25,Active
P000963,C00119,ISA,2024-04-30,Active
P000964,C00156,ISA,2024-08-30,Active
P000965,C00465,GIA,2024-08-02,Active
P000966,C00104,ISA,2025-08-25,Active
P000967,C00502,SIPP,2025-12-06,Active
P000968,C00175,GIA,2024-12-25,Active
P000969,C00421,SIPP,2025-12-28,Active
P000970,C00134,ISA,2025-09-16,Active
P000971,C00391,GIA,2025-10-09,Active
P000972,C00501,SIPP,2025-03-14,Active
P000973,C00033,Mortgage,2024-06-18,Lapsed
P000974,C00055,ISA,2025-09-22,Lapsed
P000975,C00519,Protection,2024-05-22,Active
P000976,C00012,SIPP,2024-07-30,Active
P000977,C00528,SIPP,2024-07-30,Active
P000978,C00555,SIPP,2024-03-01,Active
P000979,C00373,ISA,2025-08-06,Lapsed
P000980,C00484,ISA,2024-12-25,Active
P000981,C00228,SIPP,2025-06-29,Active
P000982,C00307,GIA,2024-10-14,Lapsed
P000983,C00457,Mortgage,2025-09-03,Lapsed
P000984,C00160,GIA,2025-07-05,Active
P000985,C00331,ISA,2024-06-21,Active
P000986,C00225,Protection,2024-11-27,Active
P000987,C00504,GIA,2025-12-21,Active
P000988,C00456,SIPP,2024-10-26,Lapsed
P000989,C00045,SIPP,2024-10-23,Lapsed
P000990,C00214,Mortgage,2025-08-09,Lapsed
P000991,C00059,Protection,2024-09-30,Active
P000992,C00195,SIPP,2025-06-10,Lapsed
P000993,C00489,SIPP,2025-11-26,Active
P000994,C00157,Mortgage,2024-04-07,Active
P000995,C00226,GIA,2024-05-18,Active
P000996,C00412,ISA,2025-02-25,Active
P000997,C00205,GIA,2024-03-01,Lapsed
P000998,C00079,ISA,2024-10-10,Active
P000999,C00124,SIPP,2025-11-02,Active
P001000,C00471,SIPP,2024-05-09,Active
P001001,C00218,SIPP,2025-12-19,Active
P001002,C00516,ISA,2024-05-15,Active
P001003,C00104,Protection,2024-09-12,Active
P001004,C00393,GIA,2024-05-29,Lapsed
P001005,C00434,SIPP,2025-12-29,Active
P001006,C00331,SIPP,2024-11-25,Active
P001007,C00143,GIA,2024-09-10,Active
P001008,C00540,ISA,2025-11-23,Lapsed
P001009,C00278,ISA,2025-02-06,Active
P001010,C00233,Protection,2025-05-16,Active
P001011,C00529,Mortgage,2024-05-25,Active
P001012,C00571,SIPP,2025-08-14,Active
P001013,C00090,ISA,2025-10-09,Active
P001014,C00492,GIA,2024-10-02,Active
P001015,C00199,Protection,2025-10-04,Active
P001016,C00362,Protection,2025-02-28,Active
P001017,C00441,ISA,2025-01-19,Active
P001018,C00026,ISA,2025-04-07,Active
P001019,C00025,Protection,2024-03-18,Active
P001020,C00394,GIA,2025-10-10,Active
P001021,C00507,GIA,2024-04-05,Active
P001022,C00301,ISA,2025-02-16,Active
P001023,C00339,SIPP,2025-06-11,Active
P001024,C00267,Protection,2024-10-11,Lapsed
P001025,C00461,Mortgage,2025-12-12,Lapsed
P001026,C00456,SIPP,2025-01-12,Active
P001027,C00360,SIPP,2025-04-10,Active
P001028,C00068,ISA,2025-05-14,Active
P001029,C00412,SIPP,2024-12-01,Lapsed
P001030,C00491,GIA,2025-08-18,Active
P001031,C00049,SIPP,2024-01-03,Active
P001032,C00564,GIA,2024-04-05,Lapsed
P001033,C00102,ISA,2025-04-14,Active
P001034,C00216,ISA,2025-10-12,Lapsed
P001035,C00438,GIA,2025-11-11,Active
P001036,C00569,ISA,2025-12-15,Active
P001037,C00559,ISA,2025-01-01,Lapsed
P001038,C00159,Mortgage,2024-03-05,Active
P001039,C00489,GIA,2025-07-01,Active
P001040,C00242,SIPP,2025-02-11,Active
P001041,C00005,Protection,2024-08-11,Lapsed
P001042,C00596,Mortgage,2025-03-15,Active
P001043,C00361,SIPP,2024-08-04,Active
P001044,C00459,Protection,2025-05-21,Active
P001045,C00248,GIA,2024-10-01,Active
P001046,C00566,GIA,2024-11-26,Active
P001047,C00422,GIA,2024-10-17,Active
P001048,C00015,SIPP,2024-12-11,Active
P001049,C00573,SIPP,2025-07-14,Lapsed
P001050,C00122,GIA,2025-08-14,Active
P001051,C00277,ISA,2024-05-13,Active
P001052,C00558,SIPP,2025-08-02,Lapsed
P001053,C00453,ISA,2025-05-11,Active
P001054,C00390,SIPP,2024-12-17,Lapsed
P001055,C00294,SIPP,2025-11-29,Active
P001056,C00574,Protection,2024-02-19,Active
P001057,C00598,Protection,2024-02-17,Active
P001058,C00446,Protection,2024-04-11,Active
P001059,C00210,GIA,2025-10-03,Active
P001060,C00590,Protection,2025-04-15,Active
P001061,C00302,SIPP,2024-01-17,Lapsed
P001062,C00223,ISA,2024-05-07,Active
P001063,C00003,ISA,2024-06-10,Active
P001064,C00518,GIA,2025-03-27,Active
P001065,C00093,GIA,2025-04-12,Lapsed
P001066,C00520,SIPP,2024-01-01,Active
P001067,C00428,Protection,2025-03-14,Active
P001068,C00493,ISA,2024-07-26,Active
P001069,C00235,ISA,2025-12-06,Active
P001070,C00161,Mortgage,2024-05-15,Active
P001071,C00331,ISA,2025-10-27,Lapsed
P001072,C00333,GIA,2024-11-05,Active
P001073,C00050,SIPP,2024-06-11,Lapsed
P001074,C00523,SIPP,2024-10-07,Active
P001075,C00492,ISA,2024-04-05,Active
P001076,C00582,ISA,2025-11-01,Lapsed
P001077,C00272,ISA,2025-01-04,Active
P001078,C00580,SIPP,2024-09-13,Lapsed
P001079,C00252,SIPP,2024-03-25,Active
P001080,C00560,ISA,2025-01-15,Lapsed
P001081,C00090,SIPP,2025-11-11,Active
P001082,C00446,Protection,2025-10-26,Active
P001083,C00332,ISA,2024-06-18,Active
P001084,C00139,GIA,2024-02-23,Active
P001085,C00357,SIPP,2025-02-09,Active
P001086,C00274,GIA,2025-10-02,Active
P001087,C00019,GIA,2024-11-08,Active
P001088,C00311,SIPP,2025-12-17,Active
P001089,C00154,Protection,2024-08-27,Lapsed
P001090,C00390,Protection,2025-03-15,Active
P001091,C00260,SIPP,2025-11-02,Active
P001092,C00571,Protection,2024-04-03,Active
P001093,C00125,GIA,2025-12-21,Active
P001094,C00354,SIPP,2024-04-07,Active
P001095,C00273,GIA,2024-01-02,Active
P001096,C00245,ISA,2024-08-06,Lapsed
P001097,C00450,Protection,2025-05-03,Lapsed
P001098,C00247,SIPP,2024-03-20,Active
P001099,C00520,GIA,2024-05-15,Active
P001100,C00141,Mortgage,2025-08-30,Active
P001101,C00362,ISA,2024-08-19,Active
P001102,C00008,GIA,2025-06-15,Active
P001103,C00478,ISA,2025-11-27,Active
P001104,C00352,Protection,2025-03-31,Active
P001105,C00495,Protection,2024-01-10,Active
P001106,C00427,GIA,2024-01-09,Active
P001107,C00039,SIPP,2025-12-13,Lapsed
P001108,C00593,GIA,2024-12-17,Active
P001109,C00187,Protection,2024-05-03,Lapsed
P001110,C00596,GIA,2025-03-08,Lapsed
P001111,C00600,GIA,2025-12-11,Active
P001112,C00093,Mortgage,2024-05-15,Active
P001113,C00086,GIA,2025-05-04,Active
P001114,C00044,ISA,2024-03-13,Lapsed
P001115,C00137,SIPP,2024-08-22,Lapsed
P001116,C00421,Mortgage,2025-01-27,Active
P001117,C00074,GIA,2024-04-01,Active
P001118,C00548,ISA,2024-04-14,Lapsed
P001119,C00512,GIA,2024-04-15,Active
P001120,C00156,SIPP,2024-11-16,Lapsed
P001121,C00255,ISA,2025-01-11,Lapsed
P001122,C00171,SIPP,2024-11-02,Active
P001123,C00170,Mortgage,2024-05-20,Active
P001124,C00322,GIA,2025-01-26,Active
P001125,C00567,GIA,2024-05-16,Active
P001126,C00456,GIA,2025-10-18,Active
P001127,C00155,ISA,2025-11-24,Lapsed
P001128,C00349,Protection,2024-05-26,Lapsed
P001129,C00451,GIA,2024-03-11,Lapsed
P001130,C00173,GIA,2025-06-27,Active
P001131,C00010,SIPP,2025-07-30,Lapsed
P001132,C00265,GIA,2024-01-09,Active
P001133,C00438,SIPP,2025-09-16,Active
P001134,C00247,ISA,2025-10-27,Active
P001135,C00546,Protection,2024-06-17,Active
P001136,C00499,Mortgage,2025-03-26,Lapsed
P001137,C00129,SIPP,2024-12-25,Active
P001138,C00327,Mortgage,2024-08-06,Active
P001139,C00404,ISA,2025-10-05,Active
P001140,C00359,GIA,2024-06-04,Active
P001141,C00017,SIPP,2025-02-25,Active
P001142,C00274,SIPP,2025-09-22,Active
P001143,C00116,GIA,2025-12-04,Active
P001144,C00091,GIA,2025-03-29,Active
P001145,C00082,ISA,2024-08-10,Lapsed
P001146,C00324,GIA,2024-03-29,Active
P001147,C00114,ISA,2024-04-12,Active
P001148,C00058,Protection,2024-05-23,Active
P001149,C00154,ISA,2024-05-06,Active
P001150,C00404,ISA,2025-08-26,Active
P001151,C00266,SIPP,2025-01-28,Active
P001152,C00315,SIPP,2024-12-25,Lapsed
P001153,C00041,Protection,2025-03-15,Active
P001154,C00105,SIPP,2024-11-18,Lapsed
P001155,C00193,GIA,2024-05-23,Lapsed
P001156,C00401,Protection,2024-09-10,Active
P001157,C00278,SIPP,2024-10-10,Active
P001158,C00354,ISA,2025-10-22,Active
P001159,C00580,SIPP,2024-03-27,Lapsed
P001160,C00256,Mortgage,2024-09-11,Lapsed
P001161,C00099,GIA,2025-07-20,Active
P001162,C00588,GIA,2025-09-07,Lapsed
P001163,C00282,ISA,2025-09-06,Active
P001164,C00403,ISA,2025-09-14,Lapsed
P001165,C00109,GIA,2024-10-18,Lapsed
P001166,C00199,SIPP,2025-12-08,Active
P001167,C00303,ISA,2024-01-28,Active
P001168,C00327,Mortgage,2025-11-05,Active
P001169,C00154,Protection,2024-11-04,Active
P001170,C00552,SIPP,2024-07-29,Lapsed
P001171,C00405,Protection,2025-06-14,Active
P001172,C00462,ISA,2025-09-13,Active
P001173,C00132,GIA,2025-06-05,Active
P001174,C00084,SIPP,2024-07-12,Lapsed
P001175,C00399,Protection,2025-02-05,Active
P001176,C00109,Protection,2024-10-29,Active
P001177,C00221,GIA,2025-10-23,Active
P001178,C00553,Mortgage,2024-02-25,Lapsed
P001179,C00368,ISA,2024-09-02,Lapsed
P001180,C00147,Protection,2025-05-21,Active
P001181,C00112,Mortgage,2025-01-30,Active
P001182,C00558,ISA,2024-04-25,Active
P001183,C00494,Protection,2024-09-03,Active
P001184,C00505,ISA,2025-05-26,Active
P001185,C00475,GIA,2025-10-15,Lapsed
P001186,C00271,SIPP,2025-08-31,Active
P001187,C00421,SIPP,2024-03-13,Lapsed
P001188,C00367,Mortgage,2025-06-24,Active
P001189,C00280,SIPP,2024-01-13,Active
P001190,C00283,GIA,2025-01-04,Active
P001191,C00040,Protection,2024-11-20,Active
P001192,C00189,Mortgage,2024-05-15,Active
P001193,C00164,ISA,2025-01-31,Active
P001194,C00536,Mortgage,2025-08-05,Active
P001195,C00536,ISA,2025-03-06,Active
P001196,C00004,Protection,2025-01-09,Active
P001197,C00290,GIA,2025-07-13,Lapsed
P001198,C00433,ISA,2025-11-30,Active
P001199,C00471,GIA,2024-06-25,Lapsed
P001200,C00181,SIPP,2025-04-27,Active
P001201,C00248,GIA,2024-03-15,Lapsed
P001202,C00279,ISA,2024-01-18,Active
P001203,C00581,SIPP,2025-08-24,Lapsed
P001204,C00254,Mortgage,2024-03-10,Active
P001205,C00181,GIA,2024-01-15,Active
P001206,C00509,ISA,2024-09-25,Active
P001207,C00566,GIA,2024-08-08,Active
P001208,C00326,ISA,2024-02-10,Active
P001209,C00357,Protection,2024-03-02,Active
P001210,C00391,Protection,2025-02-11,Active
P001211,C00085,SIPP,2025-06-02,Lapsed
P001212,C00317,GIA,2024-10-20,Active
P001213,C00212,Protection,2025-10-05,Active
P001214,C00515,SIPP,2025-12-30,Active
P001215,C00384,Protection,2025-05-28,Active
P001216,C00342,SIPP,2025-03-01,Active
P001217,C00038,Protection,2025-03-09,Active
P001218,C00511,SIPP,2025-12-19,Lapsed
P001219,C00420,GIA,2025-02-15,Lapsed
P001220,C00169,Mortgage,2024-03-25,Lapsed
P001221,C00343,SIPP,2025-10-17,Active
P001222,C00306,SIPP,2025-07-03,Lapsed
P001223,C00542,ISA,2025-07-04,Active
P001224,C00537,SIPP,2025-09-22,Active
P001225,C00112,SIPP,2024-06-05,Active
P001226,C00411,ISA,2024-10-11,Active
P001227,C00206,ISA,2024-03-26,Active
P001228,C00185,SIPP,2024-11-13,Active
P001229,C00382,Protection,2024-03-21,Active
P001230,C00496,SIPP,2025-06-07,Active
P001231,C00379,ISA,2024-07-27,Active
P001232,C00047,SIPP,2024-06-08,Active
P001233,C00551,ISA,2025-07-03,Active
P001234,C00528,GIA,2024-11-30,Active
P001235,C00504,ISA,2025-02-04,Lapsed
P001236,C00022,ISA,2025-08-23,Active
P001237,C00213,ISA,2025-10-11,Active
P001238,C00310,GIA,2025-10-27,Active
P001239,C00272,ISA,2025-11-28,Active
P001240,C00571,GIA,2025-10-20,Lapsed
P001241,C00202,SIPP,2024-03-08,Active
P001242,C00032,GIA,2024-11-13,Active
P001243,C00443,GIA,2025-12-16,Lapsed
P001244,C00162,Protection,2025-03-23,Active
P001245,C00254,ISA,2024-09-01,Active
P001246,C00521,SIPP,2024-02-29,Active
P001247,C00480,ISA,2024-09-07,Active
P001248,C00010,ISA,2024-03-29,Active
P001249,C00505,SIPP,2025-03-20,Active
P001250,C00560,SIPP,2024-04-28,Lapsed
P001251,C00436,Protection,2025-04-09,Active
P001252,C00111,SIPP,2025-09-18,Active
P001253,C00153,Mortgage,2025-09-15,Active
P001254,C00102,ISA,2024-02-26,Lapsed
P001255,C00191,ISA,2024-11-12,Lapsed
P001256,C00563,ISA,2025-11-13,Active
P001257,C00081,ISA,2025-11-04,Active
P001258,C00489,SIPP,2024-06-28,Active
P001259,C00088,SIPP,2024-05-02,Active
P001260,C00194,ISA,2024-01-13,Active
P001261,C00104,Mortgage,2025-12-25,Active
P001262,C00096,Protection,2024-05-20,Active
P001263,C00423,GIA,2025-12-19,Lapsed
P001264,C00198,ISA,2024-01-12,Active
P001265,C00001,ISA,2024-06-16,Lapsed
P001266,C00407,ISA,2025-05-23,Active
P001267,C00378,ISA,2024-12-21,Active
P001268,C00167,SIPP,2025-06-19,Active
P001269,C00509,ISA,2025-06-13,Active
P001270,C00313,GIA,2024-09-22,Active
P001271,C00593,Mortgage,2024-06-19,Active
P001272,C00418,SIPP,2025-01-15,Active
P001273,C00477,Mortgage,2024-05-09,Active
P001274,C00073,ISA,2024-10-02,Lapsed
P001275,C00141,GIA,2024-04-30,Active
P001276,C00582,SIPP,2024-01-31,Active
P001277,C00262,ISA,2024-12-09,Active
P001278,C00340,ISA,2025-03-15,Lapsed
P001279,C00308,SIPP,2024-10-05,Active
P001280,C00245,SIPP,2025-06-20,Active
P001281,C00515,GIA,2024-03-06,Active
P001282,C00337,GIA,2024-09-26,Active
P001283,C00575,GIA,2025-12-30,Lapsed
P001284,C00561,ISA,2025-08-13,Active
P001285,C00076,GIA,2025-10-04,Active
P001286,C00175,ISA,2024-03-19,Active
P001287,C00109,ISA,2025-05-23,Active
P001288,C00183,Mortgage,2025-04-11,Lapsed
P001289,C00192,SIPP,2025-06-07,Active
P001290,C00065,Protection,2025-01-03,Active
P001291,C00474,GIA,2024-02-26,Active
P001292,C00100,GIA,2025-05-26,Active
P001293,C00544,ISA,2025-08-03,Lapsed
P001294,C00128,ISA,2024-06-19,Active
P001295,C00452,ISA,2025-01-11,Active
P001296,C00369,Protection,2024-06-10,Lapsed
P001297,C00043,SIPP,2024-09-18,Active
P001298,C00419,SIPP,2024-04-15,Active
P001299,C00488,GIA,2025-08-10,Active
P001300,C00078,Mortgage,2025-11-21,Lapsed
P001301,C00270,ISA,2024-04-28,Active
P001302,C00315,GIA,2024-08-21,Active
P001303,C00168,GIA,2025-06-05,Active
P001304,C00339,Protection,2024-01-03,Active
P001305,C00193,Mortgage,2024-02-15,Active
P001306,C00453,ISA,2024-01-13,Active
P001307,C00283,Protection,2024-09-07,Active
P001308,C00336,Protection,2024-02-17,Active
P001309,C00390,ISA,2025-04-28,Active
P001310,C00525,GIA,2025-01-07,Lapsed
P001311,C00240,GIA,2025-01-27,Lapsed
P001312,C00483,Mortgage,2024-06-02,Active
P001313,C00592,ISA,2024-07-02,Active
P001314,C00555,Protection,2024-02-06,Active
P001315,C00458,GIA,2025-07-20,Active
P001316,C00089,Protection,2025-11-02,Lapsed
P001317,C00095,GIA,2025-03-05,Active
P001318,C00452,SIPP,2024-08-17,Active
P001319,C00428,Protection,2024-11-25,Lapsed
P001320,C00151,Protection,2024-09-11,Active
P001321,C00514,Protection,2025-03-02,Active
P001322,C00376,ISA,2024-11-23,Active
P001323,C00022,SIPP,2024-10-04,Active
P001324,C00313,ISA,2024-03-20,Active
P001325,C00519,GIA,2025-08-08,Lapsed
P001326,C00206,SIPP,2025-01-16,Lapsed
P001327,C00375,GIA,2024-05-02,Active
P001328,C00451,SIPP,2025-05-29,Lapsed
P001329,C00595,Mortgage,2025-11-20,Active
P001330,C00179,ISA,2024-02-23,Lapsed
P001331,C00210,SIPP,2024-07-02,Active
P001332,C00500,GIA,2024-08-16,Lapsed
P001333,C00464,ISA,2025-06-12,Lapsed
P001334,C00124,ISA,2024-02-17,Active
P001335,C00113,Mortgage,2025-02-14,Lapsed
P001336,C00012,Protection,2024-03-11,Lapsed
P001337,C00126,Mortgage,2025-04-21,Lapsed
P001338,C00565,Mortgage,2024-10-16,Active
P001339,C00331,ISA,2024-11-14,Lapsed
P001340,C00283,GIA,2024-12-01,Lapsed
P001341,C00140,SIPP,2024-03-29,Active
P001342,C00401,GIA,2025-07-20,Lapsed
P001343,C00097,GIA,2025-04-12,Active
P001344,C00517,GIA,2024-01-09,Active
P001345,C00569,SIPP,2025-01-12,Active
P001346,C00069,SIPP,2024-07-24,Active
P001347,C00118,ISA,2024-10-25,Active
P001348,C00059,GIA,2025-07-31,Active
P001349,C00033,SIPP,2024-11-07,Lapsed
P001350,C00318,SIPP,2025-09-29,Active
P001351,C00050,ISA,2024-09-05,Active
P001352,C00489,Protection,2025-04-20,Active
P001353,C00019,ISA,2025-01-12,Active
P001354,C00197,GIA,2025-08-28,Lapsed
P001355,C00450,Protection,2025-05-20,Active
P001356,C00559,SIPP,2024-07-19,Lapsed
P001357,C00452,GIA,2025-07-13,Active
P001358,C00289,SIPP,2024-09-08,Active
P001359,C00141,SIPP,2024-06-03,Active
P001360,C00084,Protection,2024-01-07,Active
P001361,C00391,Protection,2025-02-23,Active
P001362,C00591,SIPP,2024-01-25,Active
P001363,C00215,GIA,2024-08-26,Active
P001364,C00526,ISA,2025-07-08,Lapsed
P001365,C00215,GIA,2024-12-20,Active
P001366,C00403,GIA,2025-10-13,Active
P001367,C00128,SIPP,2025-12-11,Active
P001368,C00477,SIPP,2024-01-10,Active
P001369,C00404,GIA,2024-12-09,Lapsed
P001370,C00029,ISA,2024-01-02,Active
P001371,C00338,GIA,2025-11-04,Active
P001372,C00361,GIA,2025-01-20,Lapsed
P001373,C00569,Protection,2024-11-10,Active
P001374,C00392,ISA,2024-04-16,Active
P001375,C00218,SIPP,2024-07-29,Active
P001376,C00574,Mortgage,2025-06-26,Active
P001377,C00202,ISA,2024-08-31,Lapsed
P001378,C00017,GIA,2025-03-05,Lapsed
P001379,C00322,ISA,2025-05-18,Lapsed
P001380,C00518,SIPP,2024-03-02,Active
P001381,C00570,SIPP,2024-05-25,Active
P001382,C00325,GIA,2025-12-29,Lapsed
P001383,C00412,SIPP,2024-10-13,Active
P001384,C00318,Protection,2024-04-05,Active
P001385,C00082,ISA,2024-02-14,Active
P001386,C00474,ISA,2024-08-25,Active
P001387,C00468,Protection,2025-06-16,Active
P001388,C00425,SIPP,2025-02-26,Lapsed
P001389,C00204,Protection,2025-12-18,Lapsed
P001390,C00583,SIPP,2025-01-16,Active
P001391,C00387,Protection,2025-04-14,Active
P001392,C00098,GIA,2024-03-27,Active
P001393,C00345,Protection,2025-08-17,Lapsed
P001394,C00208,Mortgage,2024-04-07,Active
P001395,C00514,SIPP,2025-06-01,Active
P001396,C00586,ISA,2024-05-16,Active
P001397,C00166,GIA,2025-10-14,Active
P001398,C00022,ISA,2025-02-07,Active
P001399,C00154,ISA,2024-03-17,Lapsed
P001400,C00439,GIA,2025-08-29,Active
P001401,C00295,SIPP,2025-08-04,Active
P001402,C00219,SIPP,2024-03-04,Active
P001403,C00495,GIA,2025-03-21,Active
P001404,C00230,SIPP,2025-11-09,Lapsed
P001405,C00020,ISA,2024-05-13,Active
P001406,C00553,ISA,2024-08-30,Lapsed
P001407,C00148,ISA,2024-10-25,Active
P001408,C00108,SIPP,2024-09-24,Active
P001409,C00403,ISA,2024-11-18,Active
P001410,C00596,GIA,2025-02-06,Active
P001411,C00483,GIA,2025-12-18,Active
P001412,C00367,Protection,2024-11-30,Lapsed
P001413,C00414,ISA,2024-11-21,Active
P001414,C00309,SIPP,2025-04-08,Active
P001415,C00134,SIPP,2024-10-05,Lapsed
P001416,C00283,Protection,2024-08-27,Lapsed
P001417,C00073,Mortgage,2024-03-17,Active
P001418,C00481,ISA,2024-07-26,Lapsed
P001419,C00352,ISA,2024-05-19,Active
P001420,C00560,Protection,2025-08-21,Active
P001421,C00326,GIA,2024-04-21,Lapsed
P001422,C00443,SIPP,2024-06-08,Active
P001423,C00100,SIPP,2024-04-18,Active
P001424,C00059,SIPP,2024-06-17,Active
P001425,C00508,Mortgage,2025-04-05,Lapsed
P001426,C00258,Mortgage,2025-04-22,Lapsed
P001427,C00413,Protection,2024-11-17,Active
P001428,C00452,GIA,2025-02-20,Active
P001429,C00065,Protection,2024-05-03,Active
P001430,C00595,ISA,2025-07-02,Active
P001431,C00154,ISA,2025-01-01,Active
P001432,C00266,Protection,2024-07-31,Lapsed
P001433,C00079,GIA,2025-04-07,Active
P001434,C00315,ISA,2024-11-11,Active
P001435,C00560,ISA,2025-04-19,Active
P001436,C00248,Protection,2024-09-28,Active
P001437,C00414,SIPP,2024-05-02,Lapsed
P001438,C00025,SIPP,2024-04-02,Active
P001439,C00284,ISA,2024-06-10,Active
P001440,C00449,Protection,2025-12-03,Active
P001441,C00301,Protection,2024-11-07,Active
P001442,C00068,GIA,2025-12-22,Active
P001443,C00007,GIA,2025-12-14,Active
P001444,C00137,ISA,2025-09-09,Active
P001445,C00164,Mortgage,2024-02-11,Active
P001446,C00083,SIPP,2024-08-08,Active
P001447,C00420,Mortgage,2024-12-01,Active
P001448,C00073,GIA,2024-05-31,Lapsed
P001449,C00237,Protection,2024-04-03,Active
P001450,C00046,Protection,2025-12-29,Active
P001451,C00262,SIPP,2024-09-11,Active
P001452,C00176,Mortgage,2024-12-30,Active
P001453,C00166,GIA,2025-02-09,Lapsed
P001454,C00370,ISA,2025-06-09,Active
P001455,C00054,SIPP,2024-02-20,Active
P001456,C00419,Protection,2025-11-24,Active
P001457,C00507,SIPP,2024-11-02,Active
P001458,C00341,ISA,2024-09-23,Lapsed
P001459,C00127,SIPP,2024-06-27,Active
P001460,C00409,GIA,2024-02-01,Active
P001461,C00367,GIA,2025-02-18,Active
P001462,C00271,SIPP,2025-04-08,Active
P001463,C00379,Protection,2025-07-23,Active
P001464,C00073,ISA,2025-07-17,Lapsed
P001465,C00248,GIA,2024-09-12,Active
P001466,C00043,GIA,2024-04-06,Lapsed
P001467,C00377,ISA,2025-04-18,Active
P001468,C00041,Protection,2024-04-14,Active
P001469,C00170,Mortgage,2024-05-23,Active
P001470,C00212,GIA,2024-05-04,Lapsed
P001471,C00493,Protection,2024-01-13,Active
P001472,C00039,Protection,2024-03-04,Active
P001473,C00369,Protection,2024-08-15,Active
P001474,C00151,ISA,2024-05-13,Active
P001475,C00111,Mortgage,2024-07-21,Active
P001476,C00480,GIA,2025-02-14,Lapsed
P001477,C00436,GIA,2025-01-16,Lapsed
P001478,C00047,ISA,2025-12-03,Active
P001479,C00575,GIA,2025-10-07,Lapsed
P001480,C00366,ISA,2025-10-22,Active
P001481,C00069,ISA,2024-03-27,Active
P001482,C00299,GIA,2025-08-19,Active
P001483,C00296,Protection,2025-08-23,Active
P001484,C00203,Protection,2024-09-22,Lapsed
P001485,C00061,GIA,2024-03-17,Active
P001486,C00314,Protection,2024-01-23,Active
P001487,C00161,Protection,2024-03-07,Active
P001488,C00331,Protection,2024-07-21,Active
P001489,C00528,ISA,2025-10-23,Active
P001490,C00338,SIPP,2025-03-30,Lapsed
P001491,C00304,Mortgage,2024-05-11,Lapsed
P001492,C00503,SIPP,2024-04-04,Lapsed
P001493,C00338,GIA,2024-12-05,Active
P001494,C00550,SIPP,2024-05-05,Active
P001495,C00275,SIPP,2024-02-13,Active
P001496,C00164,SIPP,2025-04-17,Active
P001497,C00443,ISA,2024-02-21,Active
P001498,C00319,GIA,2024-06-21,Lapsed
P001499,C00589,Protection,2025-08-10,Active
P001500,C00504,Protection,2025-03-19,Active
